DATE,STATION,NAME,LATITUDE,LONGITUDE,ELEVATION,DP01,DP10,DT32,DX32,DX90,PRCP,TAVG,TMAX,TMIN,ENSO_index,ENSO_lag1
1951-01-01,IT000016239,"ROMA CIAMPINO, IT",41.7831,12.5831,105.0,12,7,0,0,0,87.1,9.7,13.6,5.8,-1.3,
1951-02-01,IT000016239,"ROMA CIAMPINO, IT",41.7831,12.5831,105.0,15,3,0,0,0,27.4,10.5,14.2,6.7,-1.04,-1.3
1951-03-01,IT000016239,"ROMA CIAMPINO, IT",41.7831,12.5831,105.0,12,5,4,0,0,43.5,10.6,15.4,5.9,-0.38,-1.04
1951-04-01,IT000016239,"ROMA CIAMPINO, IT",41.7831,12.5831,105.0,7,3,0,0,0,27.1,13.6,18.9,8.2,-0.23,-0.38
1951-05-01,IT000016239,"ROMA CIAMPINO, IT",41.7831,12.5831,105.0,9,5,0,0,0,40.7,16.6,21.6,11.6,-0.01,-0.23
1951-06-01,IT000016239,"ROMA CIAMPINO, IT",41.7831,12.5831,105.0,2,1,0,0,2,8.7,21.1,27.0,15.2,0.0,-0.01
1951-07-01,IT000016239,"ROMA CIAMPINO, IT",41.7831,12.5831,105.0,1,0,0,0,5,1.0,23.6,29.8,17.4,0.3,0.0
1951-08-01,IT000016239,"ROMA CIAMPINO, IT",41.7831,12.5831,105.0,2,2,0,0,9,15.9,24.5,31.1,17.9,0.17,0.3
1951-09-01,IT000016239,"ROMA CIAMPINO, IT",41.7831,12.5831,105.0,11,6,0,0,0,212.4,22.1,27.8,16.4,0.51,0.17
1951-10-01,IT000016239,"ROMA CIAMPINO, IT",41.7831,12.5831,105.0,8,7,0,0,0,69.4,15.3,20.8,9.9,0.49,0.51
1951-11-01,IT000016239,"ROMA CIAMPINO, IT",41.7831,12.5831,105.0,11,8,0,0,0,64.9,13.5,17.8,9.1,0.55,0.49
1951-12-01,IT000016239,"ROMA CIAMPINO, IT",41.7831,12.5831,105.0,11,7,2,0,0,64.7,8.5,13.5,3.4,0.31,0.55
1952-01-01,IT000016239,"ROMA CIAMPINO, IT",41.7831,12.5831,105.0,13,5,9,0,0,56.4,7.0,11.5,2.4,0.13,0.31
1952-02-01,IT000016239,"ROMA CIAMPINO, IT",41.7831,12.5831,105.0,10,5,5,0,0,32.9,7.3,12.1,2.5,-0.01,0.13
1952-03-01,IT000016239,"ROMA CIAMPINO, IT",41.7831,12.5831,105.0,4,1,2,0,0,7.8,10.7,15.9,5.5,-0.11,-0.01
1952-04-01,IT000016239,"ROMA CIAMPINO, IT",41.7831,12.5831,105.0,5,0,0,0,0,6.1,15.4,20.5,10.2,-0.02,-0.11
1952-05-01,IT000016239,"ROMA CIAMPINO, IT",41.7831,12.5831,105.0,3,3,0,0,0,31.7,17.9,23.5,12.3,-0.14,-0.02
1952-06-01,IT000016239,"ROMA CIAMPINO, IT",41.7831,12.5831,105.0,2,2,0,0,5,27.4,23.3,29.2,17.4,-0.54,-0.14
1952-07-01,IT000016239,"ROMA CIAMPINO, IT",41.7831,12.5831,105.0,2,2,0,0,16,51.5,26.2,32.2,20.3,-0.76,-0.54
1952-08-01,IT000016239,"ROMA CIAMPINO, IT",41.7831,12.5831,105.0,1,1,0,0,14,7.1,25.6,31.5,19.7,-0.56,-0.76
1952-09-01,IT000016239,"ROMA CIAMPINO, IT",41.7831,12.5831,105.0,11,5,0,0,0,62.6,20.9,25.4,16.4,-0.36,-0.56
1952-10-01,IT000016239,"ROMA CIAMPINO, IT",41.7831,12.5831,105.0,8,4,0,0,0,30.8,17.0,21.3,12.7,-0.46,-0.36
1952-11-01,IT000016239,"ROMA CIAMPINO, IT",41.7831,12.5831,105.0,4,3,0,0,0,17.9,10.9,15.2,6.5,-0.78,-0.46
1952-12-01,IT000016239,"ROMA CIAMPINO, IT",41.7831,12.5831,105.0,15,6,0,0,0,38.6,9.5,13.1,5.9,-0.39,-0.78
1953-01-01,IT000016239,"ROMA CIAMPINO, IT",41.7831,12.5831,105.0,8,6,14,0,0,58.1,5.7,10.2,1.3,0.2,-0.39
1953-02-01,IT000016239,"ROMA CIAMPINO, IT",41.7831,12.5831,105.0,11,5,6,0,0,46.2,7.2,12.2,2.1,0.24,0.2
1953-03-01,IT000016239,"ROMA CIAMPINO, IT",41.7831,12.5831,105.0,1,0,1,0,0,0.7,9.9,15.9,3.8,0.29,0.24
1953-04-01,IT000016239,"ROMA CIAMPINO, IT",41.7831,12.5831,105.0,9,6,0,0,0,37.1,14.4,19.4,9.4,0.22,0.29
1953-05-01,IT000016239,"ROMA CIAMPINO, IT",41.7831,12.5831,105.0,11,5,0,0,0,65.8,18.3,23.6,13.0,0.35,0.22
1953-06-01,IT000016239,"ROMA CIAMPINO, IT",41.7831,12.5831,105.0,9,5,0,0,0,52.4,20.3,25.1,15.4,0.39,0.35
1953-07-01,IT000016239,"ROMA CIAMPINO, IT",41.7831,12.5831,105.0,3,1,0,0,9,12.6,24.4,30.3,18.6,0.14,0.39
1953-08-01,IT000016239,"ROMA CIAMPINO, IT",41.7831,12.5831,105.0,2,2,0,0,3,45.8,23.8,29.5,18.2,0.09,0.14
1953-09-01,IT000016239,"ROMA CIAMPINO, IT",41.7831,12.5831,105.0,6,4,0,0,3,50.0,22.7,28.3,17.0,0.29,0.09
1953-10-01,IT000016239,"ROMA CIAMPINO, IT",41.7831,12.5831,105.0,19,8,0,0,0,97.9,18.1,23.4,12.7,0.16,0.29
1953-11-01,IT000016239,"ROMA CIAMPINO, IT",41.7831,12.5831,105.0,4,4,0,0,0,23.5,11.9,17.4,6.4,0.18,0.16
1953-12-01,IT000016239,"ROMA CIAMPINO, IT",41.7831,12.5831,105.0,7,5,0,0,0,49.4,10.6,15.2,5.9,0.41,0.18
1954-01-01,IT000016239,"ROMA CIAMPINO, IT",41.7831,12.5831,105.0,12,7,9,0,0,60.1,6.1,10.8,1.5,0.43,0.41
1954-02-01,IT000016239,"ROMA CIAMPINO, IT",41.7831,12.5831,105.0,18,9,4,0,0,104.0,7.5,11.0,4.0,0.28,0.43
1954-03-01,IT000016239,"ROMA CIAMPINO, IT",41.7831,12.5831,105.0,9,4,0,0,0,23.6,12.5,17.5,7.4,-0.38,0.28
1954-04-01,IT000016239,"ROMA CIAMPINO, IT",41.7831,12.5831,105.0,8,3,0,0,0,69.9,13.4,18.7,8.2,-1.17,-0.38
1954-05-01,IT000016239,"ROMA CIAMPINO, IT",41.7831,12.5831,105.0,16,5,0,0,0,37.0,16.8,21.4,12.2,-0.81,-1.17
1954-06-01,IT000016239,"ROMA CIAMPINO, IT",41.7831,12.5831,105.0,3,2,0,0,2,25.2,22.4,28.0,16.8,-0.93,-0.81
1954-07-01,IT000016239,"ROMA CIAMPINO, IT",41.7831,12.5831,105.0,2,2,0,0,4,11.4,22.7,28.4,17.0,-1.18,-0.93
1954-08-01,IT000016239,"ROMA CIAMPINO, IT",41.7831,12.5831,105.0,4,1,0,0,4,15.2,22.7,29.0,16.5,-1.43,-1.18
1954-09-01,IT000016239,"ROMA CIAMPINO, IT",41.7831,12.5831,105.0,1,1,0,0,1,3.4,22.0,28.0,16.1,-1.6,-1.43
1954-10-01,IT000016239,"ROMA CIAMPINO, IT",41.7831,12.5831,105.0,7,1,0,0,0,16.7,16.4,22.3,10.5,-1.48,-1.6
1954-11-01,IT000016239,"ROMA CIAMPINO, IT",41.7831,12.5831,105.0,8,6,1,0,0,49.9,12.3,16.8,7.8,-1.13,-1.48
1954-12-01,IT000016239,"ROMA CIAMPINO, IT",41.7831,12.5831,105.0,5,2,3,0,0,16.9,9.2,13.8,4.7,-1.33,-1.13
1955-01-01,IT000016239,"ROMA CIAMPINO, IT",41.7831,12.5831,105.0,9,3,2,0,0,26.7,10.8,14.5,7.1,-0.93,-1.33
1955-02-01,IT000016239,"ROMA CIAMPINO, IT",41.7831,12.5831,105.0,14,8,1,0,0,54.3,10.4,14.2,6.6,-0.95,-0.93
1955-03-01,IT000016239,"ROMA CIAMPINO, IT",41.7831,12.5831,105.0,12,8,2,0,0,117.3,10.6,15.3,5.8,-1.06,-0.95
1955-04-01,IT000016239,"ROMA CIAMPINO, IT",41.7831,12.5831,105.0,5,2,0,0,0,15.3,13.6,20.2,7.1,-1.22,-1.06
1955-05-01,IT000016239,"ROMA CIAMPINO, IT",41.7831,12.5831,105.0,2,1,0,0,0,4.4,18.3,24.2,12.4,-1.28,-1.22
1955-06-01,IT000016239,"ROMA CIAMPINO, IT",41.7831,12.5831,105.0,2,1,0,0,2,37.8,22.0,28.0,16.0,-1.18,-1.28
1955-07-01,IT000016239,"ROMA CIAMPINO, IT",41.7831,12.5831,105.0,2,1,0,0,7,32.7,24.8,30.6,19.0,-1.15,-1.18
1955-08-01,IT000016239,"ROMA CIAMPINO, IT",41.7831,12.5831,105.0,3,2,0,0,0,37.5,23.4,29.7,17.1,-1.35,-1.15
1955-09-01,IT000016239,"ROMA CIAMPINO, IT",41.7831,12.5831,105.0,8,8,0,0,0,66.8,20.5,26.2,14.7,-1.43,-1.35
1955-10-01,IT000016239,"ROMA CIAMPINO, IT",41.7831,12.5831,105.0,11,7,0,0,0,56.7,16.1,21.4,10.8,-2.31,-1.43
1955-11-01,IT000016239,"ROMA CIAMPINO, IT",41.7831,12.5831,105.0,11,8,4,0,0,91.3,11.6,16.4,6.9,-2.45,-2.31
1955-12-01,IT000016239,"ROMA CIAMPINO, IT",41.7831,12.5831,105.0,10,6,0,0,0,67.3,11.1,15.1,7.1,-2.03,-2.45
1956-01-01,IT000016239,"ROMA CIAMPINO, IT",41.7831,12.5831,105.0,10,5,7,0,0,37.9,9.2,13.7,4.8,-1.2,-2.03
1956-02-01,IT000016239,"ROMA CIAMPINO, IT",41.7831,12.5831,105.0,14,9,20,0,0,65.0,3.5,8.2,-1.1,-0.99,-1.2
1956-03-01,IT000016239,"ROMA CIAMPINO, IT",41.7831,12.5831,105.0,9,5,7,0,0,55.5,9.5,14.1,4.9,-0.83,-0.99
1956-04-01,IT000016239,"ROMA CIAMPINO, IT",41.7831,12.5831,105.0,15,7,1,0,0,109.6,13.1,18.1,8.0,-0.97,-0.83
1956-05-01,IT000016239,"ROMA CIAMPINO, IT",41.7831,12.5831,105.0,9,4,0,0,0,24.3,17.7,24.2,11.2,-0.8,-0.97
1956-06-01,IT000016239,"ROMA CIAMPINO, IT",41.7831,12.5831,105.0,4,2,0,0,1,65.1,19.8,25.8,13.9,-0.92,-0.8
1956-07-01,IT000016239,"ROMA CIAMPINO, IT",41.7831,12.5831,105.0,1,1,0,0,12,3.2,24.4,31.0,17.7,-1.06,-0.92
1956-08-01,IT000016239,"ROMA CIAMPINO, IT",41.7831,12.5831,105.0,0,0,0,0,15,0.1,25.4,32.3,18.5,-1.17,-1.06
1956-09-01,IT000016239,"ROMA CIAMPINO, IT",41.7831,12.5831,105.0,4,4,0,0,6,22.6,22.4,28.9,15.9,-0.98,-1.17
1956-10-01,IT000016239,"ROMA CIAMPINO, IT",41.7831,12.5831,105.0,8,6,0,0,0,50.0,15.4,21.3,9.6,-0.97,-0.98
1956-11-01,IT000016239,"ROMA CIAMPINO, IT",41.7831,12.5831,105.0,18,11,0,0,0,241.3,11.1,15.0,7.1,-1.14,-0.97
1956-12-01,IT000016239,"ROMA CIAMPINO, IT",41.7831,12.5831,105.0,7,3,7,0,0,59.6,7.7,12.4,3.1,-0.89,-1.14
1957-01-01,IT000016239,"ROMA CIAMPINO, IT",41.7831,12.5831,105.0,11,9,7,0,0,87.7,7.4,11.9,2.9,-0.51,-0.89
1957-02-01,IT000016239,"ROMA CIAMPINO, IT",41.7831,12.5831,105.0,10,5,0,0,0,42.8,10.5,14.8,6.3,-0.22,-0.51
1957-03-01,IT000016239,"ROMA CIAMPINO, IT",41.7831,12.5831,105.0,5,2,2,0,0,30.0,11.5,17.1,5.9,0.18,-0.22
1957-04-01,IT000016239,"ROMA CIAMPINO, IT",41.7831,12.5831,105.0,13,6,0,0,0,56.2,13.9,18.9,9.0,0.41,0.18
1957-05-01,IT000016239,"ROMA CIAMPINO, IT",41.7831,12.5831,105.0,13,6,0,0,0,89.5,16.4,21.6,11.2,0.62,0.41
1957-06-01,IT000016239,"ROMA CIAMPINO, IT",41.7831,12.5831,105.0,3,3,0,0,7,25.7,22.9,29.1,16.6,0.63,0.62
1957-07-01,IT000016239,"ROMA CIAMPINO, IT",41.7831,12.5831,105.0,6,2,0,0,10,21.9,24.0,30.2,17.9,0.87,0.63
1957-08-01,IT000016239,"ROMA CIAMPINO, IT",41.7831,12.5831,105.0,3,1,0,0,7,21.0,24.0,30.1,18.0,0.84,0.87
1957-09-01,IT000016239,"ROMA CIAMPINO, IT",41.7831,12.5831,105.0,5,2,0,0,0,33.1,20.8,26.4,15.1,0.72,0.84
1957-10-01,IT000016239,"ROMA CIAMPINO, IT",41.7831,12.5831,105.0,11,5,0,0,0,46.0,18.3,23.7,12.9,0.7,0.72
1957-11-01,IT000016239,"ROMA CIAMPINO, IT",41.7831,12.5831,105.0,8,5,0,0,0,91.5,13.1,17.8,8.4,0.92,0.7
1957-12-01,IT000016239,"ROMA CIAMPINO, IT",41.7831,12.5831,105.0,9,5,7,0,0,88.8,9.0,13.3,4.6,1.3,0.92
1958-01-01,IT000016239,"ROMA CIAMPINO, IT",41.7831,12.5831,105.0,13,7,9,0,0,87.5,7.9,12.4,3.3,1.78,1.3
1958-02-01,IT000016239,"ROMA CIAMPINO, IT",41.7831,12.5831,105.0,6,3,1,0,0,25.2,10.3,14.2,6.3,1.49,1.78
1958-03-01,IT000016239,"ROMA CIAMPINO, IT",41.7831,12.5831,105.0,16,10,5,0,0,90.9,9.3,14.1,4.6,0.98,1.49
1958-04-01,IT000016239,"ROMA CIAMPINO, IT",41.7831,12.5831,105.0,17,12,0,0,0,125.9,11.7,16.4,7.1,0.46,0.98
1958-05-01,IT000016239,"ROMA CIAMPINO, IT",41.7831,12.5831,105.0,2,1,0,0,2,48.1,19.3,25.7,12.8,0.38,0.46
1958-06-01,IT000016239,"ROMA CIAMPINO, IT",41.7831,12.5831,105.0,6,4,0,0,0,43.8,21.1,27.4,15.0,0.26,0.38
1958-07-01,IT000016239,"ROMA CIAMPINO, IT",41.7831,12.5831,105.0,3,2,0,0,7,54.8,23.9,30.0,17.8,0.03,0.26
1958-08-01,IT000016239,"ROMA CIAMPINO, IT",41.7831,12.5831,105.0,1,1,0,0,13,10.2,25.2,31.6,18.8,-0.01,0.03
1958-09-01,IT000016239,"ROMA CIAMPINO, IT",41.7831,12.5831,105.0,3,2,0,0,0,26.7,21.9,28.3,15.5,-0.32,-0.01
1958-10-01,IT000016239,"ROMA CIAMPINO, IT",41.7831,12.5831,105.0,7,5,0,0,0,89.3,17.5,23.3,11.7,-0.27,-0.32
1958-11-01,IT000016239,"ROMA CIAMPINO, IT",41.7831,12.5831,105.0,13,9,0,0,0,187.9,13.6,17.6,9.5,0.05,-0.27
1958-12-01,IT000016239,"ROMA CIAMPINO, IT",41.7831,12.5831,105.0,12,8,1,0,0,86.1,10.3,14.5,6.1,0.02,0.05
1959-01-01,IT000016239,"ROMA CIAMPINO, IT",41.7831,12.5831,105.0,12,5,5,0,0,42.2,7.5,12.0,3.0,0.53,0.02
1959-02-01,IT000016239,"ROMA CIAMPINO, IT",41.7831,12.5831,105.0,3,1,2,0,0,6.2,10.2,15.7,4.7,0.43,0.53
1959-03-01,IT000016239,"ROMA CIAMPINO, IT",41.7831,12.5831,105.0,9,5,0,0,0,39.9,13.3,18.0,8.6,0.19,0.43
1959-04-01,IT000016239,"ROMA CIAMPINO, IT",41.7831,12.5831,105.0,9,6,0,0,0,58.6,13.6,18.6,8.6,0.06,0.19
1959-05-01,IT000016239,"ROMA CIAMPINO, IT",41.7831,12.5831,105.0,14,9,0,0,0,58.1,17.2,22.3,12.1,-0.23,0.06
1959-06-01,IT000016239,"ROMA CIAMPINO, IT",41.7831,12.5831,105.0,4,3,0,0,1,16.7,21.6,27.6,15.5,-0.35,-0.23
1959-07-01,IT000016239,"ROMA CIAMPINO, IT",41.7831,12.5831,105.0,2,1,0,0,13,4.1,25.4,31.9,18.8,-0.86,-0.35
1959-08-01,IT000016239,"ROMA CIAMPINO, IT",41.7831,12.5831,105.0,4,1,0,0,5,9.3,24.3,30.1,18.4,-0.77,-0.86
1959-09-01,IT000016239,"ROMA CIAMPINO, IT",41.7831,12.5831,105.0,9,7,0,0,0,98.2,20.8,26.2,15.4,-0.8,-0.77
1959-10-01,IT000016239,"ROMA CIAMPINO, IT",41.7831,12.5831,105.0,7,6,0,0,0,67.2,15.6,21.6,9.6,-0.48,-0.8
1959-11-01,IT000016239,"ROMA CIAMPINO, IT",41.7831,12.5831,105.0,13,9,0,0,0,90.2,12.5,16.7,8.3,-0.66,-0.48
1959-12-01,IT000016239,"ROMA CIAMPINO, IT",41.7831,12.5831,105.0,16,12,0,0,0,140.8,10.2,13.9,6.5,-0.42,-0.66
1960-01-01,IT000016239,"ROMA CIAMPINO, IT",41.7831,12.5831,105.0,8,6,3,0,0,77.4,8.9,12.9,4.8,-0.28,-0.42
1960-02-01,IT000016239,"ROMA CIAMPINO, IT",41.7831,12.5831,105.0,15,12,2,0,0,76.2,10.1,14.0,6.2,-0.46,-0.28
1960-03-01,IT000016239,"ROMA CIAMPINO, IT",41.7831,12.5831,105.0,15,13,0,0,0,115.6,11.4,15.9,7.0,-0.3,-0.46
1960-04-01,IT000016239,"ROMA CIAMPINO, IT",41.7831,12.5831,105.0,13,6,0,0,0,56.8,13.7,19.0,8.4,-0.33,-0.3
1960-05-01,IT000016239,"ROMA CIAMPINO, IT",41.7831,12.5831,105.0,10,7,0,0,0,85.3,18.3,24.0,12.6,-0.25,-0.33
1960-06-01,IT000016239,"ROMA CIAMPINO, IT",41.7831,12.5831,105.0,6,1,0,0,0,8.8,22.4,28.7,16.2,-0.49,-0.25
1960-07-01,IT000016239,"ROMA CIAMPINO, IT",41.7831,12.5831,105.0,4,1,0,0,4,6.3,23.4,30.3,16.6,-0.41,-0.49
1960-08-01,IT000016239,"ROMA CIAMPINO, IT",41.7831,12.5831,105.0,0,0,0,0,9,0.1,23.9,31.2,16.5,-0.15,-0.41
1960-09-01,IT000016239,"ROMA CIAMPINO, IT",41.7831,12.5831,105.0,10,5,0,0,0,103.1,20.2,26.5,13.9,-0.28,-0.15
1960-10-01,IT000016239,"ROMA CIAMPINO, IT",41.7831,12.5831,105.0,15,11,0,0,0,132.4,16.9,22.1,11.8,-0.49,-0.28
1960-11-01,IT000016239,"ROMA CIAMPINO, IT",41.7831,12.5831,105.0,10,7,0,0,0,82.4,13.0,17.8,8.1,-0.45,-0.49
1960-12-01,IT000016239,"ROMA CIAMPINO, IT",41.7831,12.5831,105.0,15,14,2,0,0,177.8,9.0,13.3,4.6,-0.38,-0.45
1961-01-01,IT000016239,"ROMA CIAMPINO, IT",41.7831,12.5831,105.0,15,10,5,0,0,93.8,7.9,12.6,3.2,-0.31,-0.38
1961-02-01,IT000016239,"ROMA CIAMPINO, IT",41.7831,12.5831,105.0,2,1,7,0,0,4.4,8.4,15.4,1.4,-0.19,-0.31
1961-03-01,IT000016239,"ROMA CIAMPINO, IT",41.7831,12.5831,105.0,5,3,2,0,0,19.1,10.6,17.5,3.7,-0.35,-0.19
1961-04-01,IT000016239,"ROMA CIAMPINO, IT",41.7831,12.5831,105.0,12,7,0,0,0,58.8,15.2,21.4,9.0,-0.46,-0.35
1961-05-01,IT000016239,"ROMA CIAMPINO, IT",41.7831,12.5831,105.0,3,3,0,0,0,20.0,16.5,23.1,10.0,-0.18,-0.46
1961-06-01,IT000016239,"ROMA CIAMPINO, IT",41.7831,12.5831,105.0,7,4,0,0,5,54.0,21.1,27.4,14.9,-0.06,-0.18
1961-07-01,IT000016239,"ROMA CIAMPINO, IT",41.7831,12.5831,105.0,1,1,0,0,1,6.6,23.1,29.9,16.4,-0.41,-0.06
1961-08-01,IT000016239,"ROMA CIAMPINO, IT",41.7831,12.5831,105.0,0,0,0,0,11,0.1,24.1,31.6,16.8,-0.67,-0.41
1961-09-01,IT000016239,"ROMA CIAMPINO, IT",41.7831,12.5831,105.0,2,1,0,0,5,8.1,22.2,30.2,14.3,-0.94,-0.67
1961-10-01,IT000016239,"ROMA CIAMPINO, IT",41.7831,12.5831,105.0,11,10,0,0,0,222.2,16.6,22.3,10.8,-1.01,-0.94
1961-11-01,IT000016239,"ROMA CIAMPINO, IT",41.7831,12.5831,105.0,16,11,0,0,0,153.5,12.7,17.1,8.3,-0.63,-1.01
1961-12-01,IT000016239,"ROMA CIAMPINO, IT",41.7831,12.5831,105.0,9,5,9,0,0,38.0,8.4,12.9,3.9,-0.63,-0.63
1962-01-01,IT000016239,"ROMA CIAMPINO, IT",41.7831,12.5831,105.0,10,3,5,0,0,40.5,8.5,13.4,3.6,-0.59,-0.63
1962-02-01,IT000016239,"ROMA CIAMPINO, IT",41.7831,12.5831,105.0,7,2,11,0,0,37.5,7.3,12.9,1.8,-0.57,-0.59
1962-03-01,IT000016239,"ROMA CIAMPINO, IT",41.7831,12.5831,105.0,16,10,6,0,0,139.5,8.9,13.3,4.4,-0.48,-0.57
1962-04-01,IT000016239,"ROMA CIAMPINO, IT",41.7831,12.5831,105.0,9,3,0,0,0,29.8,13.3,19.3,7.2,-0.69,-0.48
1962-05-01,IT000016239,"ROMA CIAMPINO, IT",41.7831,12.5831,105.0,6,4,0,0,0,44.4,16.0,22.2,9.8,-0.89,-0.69
1962-06-01,IT000016239,"ROMA CIAMPINO, IT",41.7831,12.5831,105.0,4,1,0,0,3,10.3,19.9,26.5,13.4,-0.65,-0.89
1962-07-01,IT000016239,"ROMA CIAMPINO, IT",41.7831,12.5831,105.0,1,1,0,0,8,30.4,23.6,30.4,16.8,-0.53,-0.65
1962-08-01,IT000016239,"ROMA CIAMPINO, IT",41.7831,12.5831,105.0,0,0,0,0,17,0.3,25.0,32.3,17.7,-0.53,-0.53
1962-09-01,IT000016239,"ROMA CIAMPINO, IT",41.7831,12.5831,105.0,5,5,0,0,6,100.0,21.9,28.3,15.6,-0.78,-0.53
1962-10-01,IT000016239,"ROMA CIAMPINO, IT",41.7831,12.5831,105.0,13,11,0,0,0,93.9,16.8,22.1,11.5,-0.75,-0.78
1962-11-01,IT000016239,"ROMA CIAMPINO, IT",41.7831,12.5831,105.0,20,16,2,0,0,195.9,11.1,15.4,6.8,-0.95,-0.75
1962-12-01,IT000016239,"ROMA CIAMPINO, IT",41.7831,12.5831,105.0,13,8,15,0,0,152.7,6.2,11.2,1.3,-0.93,-0.95
1963-01-01,IT000016239,"ROMA CIAMPINO, IT",41.7831,12.5831,105.0,14,10,13,0,0,144.4,5.6,9.7,1.6,-0.78,-0.93
1963-02-01,IT000016239,"ROMA CIAMPINO, IT",41.7831,12.5831,105.0,21,11,8,0,0,155.8,6.8,11.1,2.5,-0.53,-0.78
1963-03-01,IT000016239,"ROMA CIAMPINO, IT",41.7831,12.5831,105.0,9,6,5,0,0,53.4,9.4,15.1,3.7,-0.1,-0.53
1963-04-01,IT000016239,"ROMA CIAMPINO, IT",41.7831,12.5831,105.0,9,7,0,0,0,68.9,13.5,19.0,8.0,-0.03,-0.1
1963-05-01,IT000016239,"ROMA CIAMPINO, IT",41.7831,12.5831,105.0,13,4,0,0,0,55.6,16.5,22.6,10.5,-0.3,-0.03
1963-06-01,IT000016239,"ROMA CIAMPINO, IT",41.7831,12.5831,105.0,6,3,0,0,3,36.0,20.6,26.3,14.9,-0.11,-0.3
1963-07-01,IT000016239,"ROMA CIAMPINO, IT",41.7831,12.5831,105.0,9,7,0,0,11,71.4,24.7,31.6,17.7,0.49,-0.11
1963-08-01,IT000016239,"ROMA CIAMPINO, IT",41.7831,12.5831,105.0,2,2,0,0,8,15.5,23.0,29.9,16.0,0.62,0.49
1963-09-01,IT000016239,"ROMA CIAMPINO, IT",41.7831,12.5831,105.0,7,6,0,0,0,111.5,20.4,26.9,14.0,0.68,0.62
1963-10-01,IT000016239,"ROMA CIAMPINO, IT",41.7831,12.5831,105.0,7,6,0,0,0,78.2,15.4,21.8,8.9,0.64,0.68
1963-11-01,IT000016239,"ROMA CIAMPINO, IT",41.7831,12.5831,105.0,11,6,0,0,0,67.6,14.6,19.2,9.9,0.77,0.64
1963-12-01,IT000016239,"ROMA CIAMPINO, IT",41.7831,12.5831,105.0,16,13,2,0,0,141.8,9.4,14.3,4.5,1.02,0.77
1964-01-01,IT000016239,"ROMA CIAMPINO, IT",41.7831,12.5831,105.0,2,0,22,0,0,3.4,5.8,12.4,-0.8,0.79,1.02
1964-02-01,IT000016239,"ROMA CIAMPINO, IT",41.7831,12.5831,105.0,7,4,12,0,0,25.9,8.1,14.0,2.3,0.38,0.79
1964-03-01,IT000016239,"ROMA CIAMPINO, IT",41.7831,12.5831,105.0,16,9,1,0,0,135.4,11.4,16.8,5.9,-0.26,0.38
1964-04-01,IT000016239,"ROMA CIAMPINO, IT",41.7831,12.5831,105.0,9,3,0,0,0,38.3,13.0,19.2,6.8,-0.87,-0.26
1964-05-01,IT000016239,"ROMA CIAMPINO, IT",41.7831,12.5831,105.0,4,3,0,0,0,39.6,18.0,25.2,10.8,-1.12,-0.87
1964-06-01,IT000016239,"ROMA CIAMPINO, IT",41.7831,12.5831,105.0,7,6,0,0,5,75.7,22.3,29.5,15.1,-1.14,-1.12
1964-07-01,IT000016239,"ROMA CIAMPINO, IT",41.7831,12.5831,105.0,4,1,0,0,13,8.2,23.9,31.2,16.6,-0.96,-1.14
1964-08-01,IT000016239,"ROMA CIAMPINO, IT",41.7831,12.5831,105.0,7,5,0,0,7,66.6,23.6,30.6,16.7,-1.26,-0.96
1964-09-01,IT000016239,"ROMA CIAMPINO, IT",41.7831,12.5831,105.0,4,1,0,0,0,6.4,20.2,27.9,12.5,-1.4,-1.26
1964-10-01,IT000016239,"ROMA CIAMPINO, IT",41.7831,12.5831,105.0,18,12,0,0,0,218.1,15.8,21.2,10.3,-1.35,-1.4
1964-11-01,IT000016239,"ROMA CIAMPINO, IT",41.7831,12.5831,105.0,10,6,0,0,0,79.7,12.8,17.8,7.7,-1.44,-1.35
1964-12-01,IT000016239,"ROMA CIAMPINO, IT",41.7831,12.5831,105.0,16,15,5,0,0,257.9,8.8,13.8,3.8,-1.37,-1.44
1965-01-01,IT000016239,"ROMA CIAMPINO, IT",41.7831,12.5831,105.0,11,8,6,0,0,65.2,8.1,13.4,2.8,-0.89,-1.37
1965-02-01,IT000016239,"ROMA CIAMPINO, IT",41.7831,12.5831,105.0,7,5,20,0,0,62.8,4.7,10.4,-1.0,-0.56,-0.89
1965-03-01,IT000016239,"ROMA CIAMPINO, IT",41.7831,12.5831,105.0,13,6,5,0,0,51.7,10.6,16.4,4.8,-0.34,-0.56
1965-04-01,IT000016239,"ROMA CIAMPINO, IT",41.7831,12.5831,105.0,15,5,0,0,0,63.2,11.9,17.5,6.2,-0.44,-0.34
1965-05-01,IT000016239,"ROMA CIAMPINO, IT",41.7831,12.5831,105.0,7,5,0,0,0,47.0,15.9,22.8,9.1,0.06,-0.44
1965-06-01,IT000016239,"ROMA CIAMPINO, IT",41.7831,12.5831,105.0,3,1,0,0,8,6.9,21.1,28.3,14.0,0.36,0.06
1965-07-01,IT000016239,"ROMA CIAMPINO, IT",41.7831,12.5831,105.0,0,0,0,0,15,0.4,24.2,31.9,16.6,0.61,0.36
1965-08-01,IT000016239,"ROMA CIAMPINO, IT",41.7831,12.5831,105.0,6,3,0,0,7,36.7,23.2,30.2,16.2,1.12,0.61
1965-09-01,IT000016239,"ROMA CIAMPINO, IT",41.7831,12.5831,105.0,12,5,0,0,0,163.7,19.5,25.4,13.6,1.29,1.12
1965-10-01,IT000016239,"ROMA CIAMPINO, IT",41.7831,12.5831,105.0,2,1,0,0,0,6.4,16.2,23.0,9.5,1.45,1.29
1965-11-01,IT000016239,"ROMA CIAMPINO, IT",41.7831,12.5831,105.0,16,12,2,0,0,82.6,13.5,18.0,9.0,1.42,1.45
1965-12-01,IT000016239,"ROMA CIAMPINO, IT",41.7831,12.5831,105.0,7,3,4,0,0,31.7,9.9,15.0,4.9,1.36,1.42
1966-01-01,IT000016239,"ROMA CIAMPINO, IT",41.7831,12.5831,105.0,12,10,12,0,0,109.9,6.4,11.7,1.2,1.12,1.36
1966-02-01,IT000016239,"ROMA CIAMPINO, IT",41.7831,12.5831,105.0,10,7,0,0,0,87.3,11.4,16.3,6.4,0.8,1.12
1966-03-01,IT000016239,"ROMA CIAMPINO, IT",41.7831,12.5831,105.0,6,3,6,0,0,19.5,9.6,15.7,3.5,0.93,0.8
1966-04-01,IT000016239,"ROMA CIAMPINO, IT",41.7831,12.5831,105.0,8,4,1,0,0,39.7,14.3,20.3,8.3,0.35,0.93
1966-05-01,IT000016239,"ROMA CIAMPINO, IT",41.7831,12.5831,105.0,10,3,0,0,0,36.2,17.1,23.8,10.5,-0.38,0.35
1966-06-01,IT000016239,"ROMA CIAMPINO, IT",41.7831,12.5831,105.0,3,1,0,0,7,10.5,22.8,30.0,15.5,-0.08,-0.38
1966-07-01,IT000016239,"ROMA CIAMPINO, IT",41.7831,12.5831,105.0,3,3,0,0,5,22.9,22.6,29.4,15.7,0.04,-0.08
1966-08-01,IT000016239,"ROMA CIAMPINO, IT",41.7831,12.5831,105.0,2,1,0,0,7,30.3,23.6,30.6,16.5,-0.37,0.04
1966-09-01,IT000016239,"ROMA CIAMPINO, IT",41.7831,12.5831,105.0,5,2,0,0,2,24.3,21.6,28.6,14.7,-0.44,-0.37
1966-10-01,IT000016239,"ROMA CIAMPINO, IT",41.7831,12.5831,105.0,17,13,0,0,0,199.7,18.7,23.8,13.6,-0.5,-0.44
1966-11-01,IT000016239,"ROMA CIAMPINO, IT",41.7831,12.5831,105.0,17,13,0,0,0,186.2,10.2,14.8,5.6,-0.47,-0.5
1966-12-01,IT000016239,"ROMA CIAMPINO, IT",41.7831,12.5831,105.0,11,6,5,0,0,98.4,7.7,11.9,3.5,-0.57,-0.47
1967-01-01,IT000016239,"ROMA CIAMPINO, IT",41.7831,12.5831,105.0,7,5,13,0,0,48.6,5.9,10.7,1.2,-0.67,-0.57
1967-02-01,IT000016239,"ROMA CIAMPINO, IT",41.7831,12.5831,105.0,4,2,7,0,0,57.9,8.4,13.3,3.5,-0.64,-0.67
1967-03-01,IT000016239,"ROMA CIAMPINO, IT",41.7831,12.5831,105.0,7,2,0,0,0,23.5,11.5,16.8,6.2,-0.78,-0.64
1967-04-01,IT000016239,"ROMA CIAMPINO, IT",41.7831,12.5831,105.0,9,4,0,0,0,35.5,13.1,18.9,7.3,-1.08,-0.78
1967-05-01,IT000016239,"ROMA CIAMPINO, IT",41.7831,12.5831,105.0,6,3,0,0,0,24.3,17.4,23.6,11.2,-0.59,-1.08
1967-06-01,IT000016239,"ROMA CIAMPINO, IT",41.7831,12.5831,105.0,7,2,0,0,2,18.7,19.7,26.2,13.2,-0.26,-0.59
1967-07-01,IT000016239,"ROMA CIAMPINO, IT",41.7831,12.5831,105.0,2,0,0,0,22,2.4,25.4,32.8,17.9,-0.33,-0.26
1967-08-01,IT000016239,"ROMA CIAMPINO, IT",41.7831,12.5831,105.0,4,3,0,0,12,32.2,24.9,31.8,18.1,-0.42,-0.33
1967-09-01,IT000016239,"ROMA CIAMPINO, IT",41.7831,12.5831,105.0,4,2,0,0,0,26.0,20.7,26.5,14.9,-0.86,-0.42
1967-10-01,IT000016239,"ROMA CIAMPINO, IT",41.7831,12.5831,105.0,1,1,0,0,0,3.1,18.1,24.8,11.4,-0.74,-0.86
1967-11-01,IT000016239,"ROMA CIAMPINO, IT",41.7831,12.5831,105.0,10,7,0,0,0,139.0,13.6,18.8,8.4,-0.62,-0.74
1967-12-01,IT000016239,"ROMA CIAMPINO, IT",41.7831,12.5831,105.0,8,7,4,0,0,107.5,8.4,12.8,4.0,-0.65,-0.62
1968-01-01,IT000016239,"ROMA CIAMPINO, IT",41.7831,12.5831,105.0,11,2,11,0,0,33.1,5.6,10.6,0.6,-0.85,-0.65
1968-02-01,IT000016239,"ROMA CIAMPINO, IT",41.7831,12.5831,105.0,12,7,1,0,0,81.2,9.9,14.1,5.8,-1.07,-0.85
1968-03-01,IT000016239,"ROMA CIAMPINO, IT",41.7831,12.5831,105.0,9,4,2,0,0,38.6,10.4,15.4,5.4,-0.95,-1.07
1968-04-01,IT000016239,"ROMA CIAMPINO, IT",41.7831,12.5831,105.0,7,3,0,0,0,31.3,14.5,20.1,8.9,-0.72,-0.95
1968-05-01,IT000016239,"ROMA CIAMPINO, IT",41.7831,12.5831,105.0,6,3,0,0,0,38.5,18.4,24.3,12.6,-0.75,-0.72
1968-06-01,IT000016239,"ROMA CIAMPINO, IT",41.7831,12.5831,105.0,11,7,0,0,0,104.5,20.3,25.3,15.2,0.15,-0.75
1968-07-01,IT000016239,"ROMA CIAMPINO, IT",41.7831,12.5831,105.0,1,1,0,0,5,3.0,23.3,29.6,17.1,0.28,0.15
1968-08-01,IT000016239,"ROMA CIAMPINO, IT",41.7831,12.5831,105.0,5,3,0,0,0,33.6,22.5,28.3,16.7,0.16,0.28
1968-09-01,IT000016239,"ROMA CIAMPINO, IT",41.7831,12.5831,105.0,8,5,0,0,0,35.0,20.5,26.2,14.8,0.01,0.16
1968-10-01,IT000016239,"ROMA CIAMPINO, IT",41.7831,12.5831,105.0,4,3,0,0,0,13.8,16.4,22.4,10.4,0.04,0.01
1968-11-01,IT000016239,"ROMA CIAMPINO, IT",41.7831,12.5831,105.0,9,7,2,0,0,77.9,11.4,17.0,5.8,0.5,0.04
1968-12-01,IT000016239,"ROMA CIAMPINO, IT",41.7831,12.5831,105.0,13,9,4,0,0,95.6,8.6,12.4,4.9,0.67,0.5
1969-01-01,IT000016239,"ROMA CIAMPINO, IT",41.7831,12.5831,105.0,9,3,8,0,0,55.5,7.2,12.0,2.4,0.95,0.67
1969-02-01,IT000016239,"ROMA CIAMPINO, IT",41.7831,12.5831,105.0,15,9,4,0,0,121.9,8.1,12.3,3.9,1.11,0.95
1969-03-01,IT000016239,"ROMA CIAMPINO, IT",41.7831,12.5831,105.0,18,10,0,0,0,122.2,10.3,14.2,6.4,0.54,1.11
1969-04-01,IT000016239,"ROMA CIAMPINO, IT",41.7831,12.5831,105.0,8,5,0,0,0,42.1,12.6,17.9,7.4,0.31,0.54
1969-05-01,IT000016239,"ROMA CIAMPINO, IT",41.7831,12.5831,105.0,6,3,0,0,1,28.2,18.5,24.2,12.7,0.35,0.31
1969-06-01,IT000016239,"ROMA CIAMPINO, IT",41.7831,12.5831,105.0,7,3,0,0,1,35.2,19.4,25.5,13.4,-0.04,0.35
1969-07-01,IT000016239,"ROMA CIAMPINO, IT",41.7831,12.5831,105.0,5,0,0,0,6,7.2,22.8,29.1,16.6,-0.21,-0.04
1969-08-01,IT000016239,"ROMA CIAMPINO, IT",41.7831,12.5831,105.0,3,1,0,0,4,11.2,23.3,29.2,17.4,0.16,-0.21
1969-09-01,IT000016239,"ROMA CIAMPINO, IT",41.7831,12.5831,105.0,11,6,0,0,2,105.9,21.2,27.0,15.4,0.43,0.16
1969-10-01,IT000016239,"ROMA CIAMPINO, IT",41.7831,12.5831,105.0,2,1,0,0,0,9.8,16.7,22.9,10.4,0.62,0.43
1969-11-01,IT000016239,"ROMA CIAMPINO, IT",41.7831,12.5831,105.0,14,11,2,0,0,111.2,13.3,17.9,8.7,0.4,0.62
1969-12-01,IT000016239,"ROMA CIAMPINO, IT",41.7831,12.5831,105.0,16,11,5,0,0,94.4,6.4,10.5,2.4,0.38,0.4
1970-01-01,IT000016239,"ROMA CIAMPINO, IT",41.7831,12.5831,105.0,13,6,2,0,0,71.0,9.5,13.6,5.4,0.28,0.38
1970-02-01,IT000016239,"ROMA CIAMPINO, IT",41.7831,12.5831,105.0,9,5,5,0,0,58.3,8.5,12.9,4.1,0.2,0.28
1970-03-01,IT000016239,"ROMA CIAMPINO, IT",41.7831,12.5831,105.0,13,10,4,0,0,93.1,9.3,14.2,4.4,-0.14,0.2
1970-04-01,IT000016239,"ROMA CIAMPINO, IT",41.7831,12.5831,105.0,8,4,0,0,0,34.5,12.8,18.1,7.5,-0.08,-0.14
1970-05-01,IT000016239,"ROMA CIAMPINO, IT",41.7831,12.5831,105.0,9,4,0,0,0,59.8,15.4,21.4,9.4,-0.3,-0.08
1970-06-01,IT000016239,"ROMA CIAMPINO, IT",41.7831,12.5831,105.0,5,2,0,0,1,13.2,21.9,27.9,15.9,-0.69,-0.3
1970-07-01,IT000016239,"ROMA CIAMPINO, IT",41.7831,12.5831,105.0,2,1,0,0,11,5.7,23.6,30.0,17.1,-1.08,-0.69
1970-08-01,IT000016239,"ROMA CIAMPINO, IT",41.7831,12.5831,105.0,2,1,0,0,6,11.1,24.0,30.2,17.8,-1.26,-1.08
1970-09-01,IT000016239,"ROMA CIAMPINO, IT",41.7831,12.5831,105.0,2,1,0,0,0,9.9,22.0,28.1,15.8,-1.07,-1.26
1970-10-01,IT000016239,"ROMA CIAMPINO, IT",41.7831,12.5831,105.0,5,2,0,0,0,14.5,15.6,22.1,9.1,-1.12,-1.07
1970-11-01,IT000016239,"ROMA CIAMPINO, IT",41.7831,12.5831,105.0,9,7,1,0,0,72.9,12.7,17.9,7.4,-1.13,-1.12
1970-12-01,IT000016239,"ROMA CIAMPINO, IT",41.7831,12.5831,105.0,12,11,8,0,0,144.3,8.4,13.1,3.8,-1.33,-1.13
1971-01-01,IT000016239,"ROMA CIAMPINO, IT",41.7831,12.5831,105.0,13,10,3,0,0,133.7,8.4,12.6,4.3,-1.73,-1.33
1971-02-01,IT000016239,"ROMA CIAMPINO, IT",41.7831,12.5831,105.0,7,3,5,0,0,55.6,7.9,13.4,2.4,-1.57,-1.73
1971-03-01,IT000016239,"ROMA CIAMPINO, IT",41.7831,12.5831,105.0,12,7,11,0,0,79.4,7.6,12.8,2.4,-1.36,-1.57
1971-04-01,IT000016239,"ROMA CIAMPINO, IT",41.7831,12.5831,105.0,12,4,0,0,0,29.1,14.1,19.7,8.4,-1.18,-1.36
1971-05-01,IT000016239,"ROMA CIAMPINO, IT",41.7831,12.5831,105.0,7,5,0,0,0,69.8,17.8,24.0,11.7,-0.98,-1.18
1971-06-01,IT000016239,"ROMA CIAMPINO, IT",41.7831,12.5831,105.0,5,1,0,0,0,11.1,20.2,26.0,14.4,-1.13,-0.98
1971-07-01,IT000016239,"ROMA CIAMPINO, IT",41.7831,12.5831,105.0,3,2,0,0,14,19.1,23.9,30.9,16.9,-1.17,-1.13
1971-08-01,IT000016239,"ROMA CIAMPINO, IT",41.7831,12.5831,105.0,1,1,0,0,21,15.5,26.2,33.2,19.2,-1.1,-1.17
1971-09-01,IT000016239,"ROMA CIAMPINO, IT",41.7831,12.5831,105.0,7,5,0,0,0,61.2,19.6,25.8,13.4,-1.0,-1.1
1971-10-01,IT000016239,"ROMA CIAMPINO, IT",41.7831,12.5831,105.0,4,1,0,0,0,11.0,14.7,21.2,8.2,-1.24,-1.0
1971-11-01,IT000016239,"ROMA CIAMPINO, IT",41.7831,12.5831,105.0,15,12,0,0,0,152.0,11.0,15.8,6.1,-1.15,-1.24
1971-12-01,IT000016239,"ROMA CIAMPINO, IT",41.7831,12.5831,105.0,6,5,8,0,0,50.2,7.3,12.3,2.3,-1.23,-1.15
1972-01-01,IT000016239,"ROMA CIAMPINO, IT",41.7831,12.5831,105.0,14,9,1,0,0,146.8,8.0,12.2,3.9,-0.92,-1.23
1972-02-01,IT000016239,"ROMA CIAMPINO, IT",41.7831,12.5831,105.0,14,8,2,0,0,124.0,10.0,14.6,5.4,-0.45,-0.92
1972-03-01,IT000016239,"ROMA CIAMPINO, IT",41.7831,12.5831,105.0,6,4,0,0,0,42.8,12.2,17.7,6.8,-0.19,-0.45
1972-04-01,IT000016239,"ROMA CIAMPINO, IT",41.7831,12.5831,105.0,16,13,0,0,0,126.9,13.1,18.1,8.0,0.07,-0.19
1972-05-01,IT000016239,"ROMA CIAMPINO, IT",41.7831,12.5831,105.0,10,7,0,0,0,60.4,16.5,22.1,10.9,0.38,0.07
1972-06-01,IT000016239,"ROMA CIAMPINO, IT",41.7831,12.5831,105.0,2,1,0,0,0,28.5,21.0,27.3,14.7,0.45,0.38
1972-07-01,IT000016239,"ROMA CIAMPINO, IT",41.7831,12.5831,105.0,7,6,0,0,3,43.6,23.1,29.0,17.1,0.85,0.45
1972-08-01,IT000016239,"ROMA CIAMPINO, IT",41.7831,12.5831,105.0,7,5,0,0,6,53.5,22.4,28.9,15.8,1.09,0.85
1972-09-01,IT000016239,"ROMA CIAMPINO, IT",41.7831,12.5831,105.0,13,8,0,0,0,112.8,18.6,23.6,13.6,1.23,1.09
1972-10-01,IT000016239,"ROMA CIAMPINO, IT",41.7831,12.5831,105.0,9,6,0,0,0,45.0,14.2,18.9,9.5,1.54,1.23
1972-11-01,IT000016239,"ROMA CIAMPINO, IT",41.7831,12.5831,105.0,7,4,4,0,0,20.9,12.0,16.8,7.1,1.9,1.54
1972-12-01,IT000016239,"ROMA CIAMPINO, IT",41.7831,12.5831,105.0,4,3,3,0,0,43.1,9.2,13.6,4.8,2.09,1.9
1973-01-01,IT000016239,"ROMA CIAMPINO, IT",41.7831,12.5831,105.0,14,8,9,0,0,97.0,8.0,12.5,3.5,1.8,2.09
1973-02-01,IT000016239,"ROMA CIAMPINO, IT",41.7831,12.5831,105.0,12,8,6,0,0,96.8,7.1,11.9,2.3,1.2,1.8
1973-03-01,IT000016239,"ROMA CIAMPINO, IT",41.7831,12.5831,105.0,11,5,5,0,0,26.7,8.7,14.2,3.2,0.27,1.2
1973-04-01,IT000016239,"ROMA CIAMPINO, IT",41.7831,12.5831,105.0,11,7,0,0,0,46.6,11.0,16.5,5.6,-0.58,0.27
1973-05-01,IT000016239,"ROMA CIAMPINO, IT",41.7831,12.5831,105.0,2,0,0,0,1,1.3,18.4,25.3,11.5,-0.97,-0.58
1973-06-01,IT000016239,"ROMA CIAMPINO, IT",41.7831,12.5831,105.0,5,2,0,0,1,17.6,22.4,28.8,16.1,-1.18,-0.97
1973-07-01,IT000016239,"ROMA CIAMPINO, IT",41.7831,12.5831,105.0,1,1,0,0,9,12.2,24.5,30.9,18.0,-1.54,-1.18
1973-08-01,IT000016239,"ROMA CIAMPINO, IT",41.7831,12.5831,105.0,6,5,0,0,14,109.0,24.9,31.4,18.5,-1.63,-1.54
1973-09-01,IT000016239,"ROMA CIAMPINO, IT",41.7831,12.5831,105.0,8,4,0,0,2,35.1,22.2,27.9,16.6,-1.66,-1.63
1973-10-01,IT000016239,"ROMA CIAMPINO, IT",41.7831,12.5831,105.0,5,3,0,0,0,53.1,16.7,22.0,11.4,-1.98,-1.66
1973-11-01,IT000016239,"ROMA CIAMPINO, IT",41.7831,12.5831,105.0,4,3,3,0,0,23.0,11.4,16.6,6.1,-2.37,-1.98
1973-12-01,IT000016239,"ROMA CIAMPINO, IT",41.7831,12.5831,105.0,12,4,9,0,0,36.3,7.9,12.3,3.5,-2.26,-2.37
1974-01-01,IT000016239,"ROMA CIAMPINO, IT",41.7831,12.5831,105.0,9,5,1,0,0,46.2,8.7,13.3,4.1,-2.09,-2.26
1974-02-01,IT000016239,"ROMA CIAMPINO, IT",41.7831,12.5831,105.0,13,7,1,0,0,63.9,9.9,14.3,5.5,-1.66,-2.09
1974-03-01,IT000016239,"ROMA CIAMPINO, IT",41.7831,12.5831,105.0,11,6,0,0,0,68.2,10.7,15.9,5.6,-1.45,-1.66
1974-04-01,IT000016239,"ROMA CIAMPINO, IT",41.7831,12.5831,105.0,18,13,0,0,0,234.5,12.2,16.3,8.2,-1.36,-1.45
1974-05-01,IT000016239,"ROMA CIAMPINO, IT",41.7831,12.5831,105.0,8,4,0,0,0,56.6,16.6,21.9,11.3,-1.29,-1.36
1974-06-01,IT000016239,"ROMA CIAMPINO, IT",41.7831,12.5831,105.0,1,0,0,0,0,1.4,21.1,27.1,15.2,-1.2,-1.29
1974-07-01,IT000016239,"ROMA CIAMPINO, IT",41.7831,12.5831,105.0,1,1,0,0,6,22.5,23.9,30.0,17.7,-0.9,-1.2
1974-08-01,IT000016239,"ROMA CIAMPINO, IT",41.7831,12.5831,105.0,3,0,0,0,15,3.3,25.3,31.9,18.7,-0.52,-0.9
1974-09-01,IT000016239,"ROMA CIAMPINO, IT",41.7831,12.5831,105.0,11,7,0,0,0,137.6,21.2,26.6,15.8,-0.64,-0.52
1974-10-01,IT000016239,"ROMA CIAMPINO, IT",41.7831,12.5831,105.0,11,9,0,0,0,107.1,12.6,17.2,7.9,-0.94,-0.64
1974-11-01,IT000016239,"ROMA CIAMPINO, IT",41.7831,12.5831,105.0,10,5,1,0,0,70.0,10.9,15.6,6.3,-1.09,-0.94
1974-12-01,IT000016239,"ROMA CIAMPINO, IT",41.7831,12.5831,105.0,6,3,7,0,0,27.2,7.4,12.4,2.5,-0.97,-1.09
1975-01-01,IT000016239,"ROMA CIAMPINO, IT",41.7831,12.5831,105.0,8,0,4,0,0,8.7,8.1,13.1,3.1,-0.45,-0.97
1975-02-01,IT000016239,"ROMA CIAMPINO, IT",41.7831,12.5831,105.0,5,2,5,0,0,22.0,8.3,13.5,3.1,-0.68,-0.45
1975-03-01,IT000016239,"ROMA CIAMPINO, IT",41.7831,12.5831,105.0,15,12,1,0,0,126.1,10.3,14.6,6.0,-1.09,-0.68
1975-04-01,IT000016239,"ROMA CIAMPINO, IT",41.7831,12.5831,105.0,10,4,0,0,0,34.1,12.7,18.2,7.2,-0.96,-1.09
1975-05-01,IT000016239,"ROMA CIAMPINO, IT",41.7831,12.5831,105.0,11,8,0,0,0,70.9,17.7,23.2,12.1,-1.13,-0.96
1975-06-01,IT000016239,"ROMA CIAMPINO, IT",41.7831,12.5831,105.0,7,4,0,0,0,22.7,20.1,26.1,14.2,-1.5,-1.13
1975-07-01,IT000016239,"ROMA CIAMPINO, IT",41.7831,12.5831,105.0,0,0,0,0,11,0.5,24.9,31.3,18.4,-1.39,-1.5
1975-08-01,IT000016239,"ROMA CIAMPINO, IT",41.7831,12.5831,105.0,8,5,0,0,5,84.0,23.9,29.7,18.2,-1.52,-1.39
1975-09-01,IT000016239,"ROMA CIAMPINO, IT",41.7831,12.5831,105.0,6,4,0,0,2,103.8,22.5,27.8,17.2,-1.66,-1.52
1975-10-01,IT000016239,"ROMA CIAMPINO, IT",41.7831,12.5831,105.0,9,8,0,0,0,130.8,15.3,20.8,9.7,-1.83,-1.66
1975-11-01,IT000016239,"ROMA CIAMPINO, IT",41.7831,12.5831,105.0,14,9,3,0,0,199.1,10.7,15.2,6.2,-1.66,-1.83
1975-12-01,IT000016239,"ROMA CIAMPINO, IT",41.7831,12.5831,105.0,9,7,1,0,0,96.2,8.9,13.4,4.4,-1.93,-1.66
1976-01-01,IT000016239,"ROMA CIAMPINO, IT",41.7831,12.5831,105.0,7,4,7,0,0,22.6,7.4,12.1,2.6,-2.01,-1.93
1976-02-01,IT000016239,"ROMA CIAMPINO, IT",41.7831,12.5831,105.0,12,7,0,0,0,140.4,9.4,14.1,4.9,-1.26,-2.01
1976-03-01,IT000016239,"ROMA CIAMPINO, IT",41.7831,12.5831,105.0,10,6,2,0,0,57.5,9.8,14.9,4.6,-0.82,-1.26
1976-04-01,IT000016239,"ROMA CIAMPINO, IT",41.7831,12.5831,105.0,12,6,0,0,0,59.3,12.4,17.5,7.3,-0.93,-0.82
1976-05-01,IT000016239,"ROMA CIAMPINO, IT",41.7831,12.5831,105.0,6,3,0,0,0,53.9,17.4,22.9,11.9,-0.74,-0.93
1976-06-01,IT000016239,"ROMA CIAMPINO, IT",41.7831,12.5831,105.0,10,7,0,0,1,127.6,21.4,27.6,15.2,-0.38,-0.74
1976-07-01,IT000016239,"ROMA CIAMPINO, IT",41.7831,12.5831,105.0,5,2,0,0,4,19.3,23.6,29.4,17.8,-0.16,-0.38
1976-08-01,IT000016239,"ROMA CIAMPINO, IT",41.7831,12.5831,105.0,7,2,0,0,0,37.4,22.4,28.2,16.7,0.12,-0.16
1976-09-01,IT000016239,"ROMA CIAMPINO, IT",41.7831,12.5831,105.0,5,5,0,0,0,81.4,19.1,24.6,13.7,0.3,0.12
1976-10-01,IT000016239,"ROMA CIAMPINO, IT",41.7831,12.5831,105.0,14,8,0,0,0,157.0,16.9,22.1,11.6,0.75,0.3
1976-11-01,IT000016239,"ROMA CIAMPINO, IT",41.7831,12.5831,105.0,17,10,2,0,0,165.8,11.2,15.7,6.8,0.71,0.75
1976-12-01,IT000016239,"ROMA CIAMPINO, IT",41.7831,12.5831,105.0,17,11,2,0,0,155.8,9.6,13.2,6.0,0.49,0.71
1977-01-01,IT000016239,"ROMA CIAMPINO, IT",41.7831,12.5831,105.0,12,9,3,0,0,68.8,9.5,13.1,5.9,0.78,0.49
1977-02-01,IT000016239,"ROMA CIAMPINO, IT",41.7831,12.5831,105.0,11,8,0,0,0,54.7,11.0,15.2,6.8,0.37,0.78
1977-03-01,IT000016239,"ROMA CIAMPINO, IT",41.7831,12.5831,105.0,6,4,1,0,0,32.9,12.3,17.6,7.0,0.19,0.37
1977-04-01,IT000016239,"ROMA CIAMPINO, IT",41.7831,12.5831,105.0,6,1,0,0,0,18.4,13.5,19.8,7.2,-0.38,0.19
1977-05-01,IT000016239,"ROMA CIAMPINO, IT",41.7831,12.5831,105.0,7,4,0,0,1,35.0,18.6,24.8,12.4,-0.21,-0.38
1977-06-01,IT000016239,"ROMA CIAMPINO, IT",41.7831,12.5831,105.0,3,3,0,0,1,39.3,20.5,26.4,14.7,0.01,-0.21
1977-07-01,IT000016239,"ROMA CIAMPINO, IT",41.7831,12.5831,105.0,1,0,0,0,3,1.3,23.8,29.3,18.3,0.09,0.01
1977-08-01,IT000016239,"ROMA CIAMPINO, IT",41.7831,12.5831,105.0,7,5,0,0,4,116.7,22.6,28.2,16.9,-0.01,0.09
1977-09-01,IT000016239,"ROMA CIAMPINO, IT",41.7831,12.5831,105.0,6,5,0,0,0,109.5,18.2,24.4,12.0,0.4,-0.01
1977-10-01,IT000016239,"ROMA CIAMPINO, IT",41.7831,12.5831,105.0,4,2,0,0,0,30.6,16.4,21.5,11.2,0.63,0.4
1977-11-01,IT000016239,"ROMA CIAMPINO, IT",41.7831,12.5831,105.0,13,7,0,0,0,67.9,11.3,16.2,6.4,0.48,0.63
1977-12-01,IT000016239,"ROMA CIAMPINO, IT",41.7831,12.5831,105.0,10,7,7,0,0,66.6,7.6,12.0,3.2,0.7,0.48
1978-01-01,IT000016239,"ROMA CIAMPINO, IT",41.7831,12.5831,105.0,14,10,8,0,0,169.5,7.1,11.4,2.8,0.62,0.7
1978-02-01,IT000016239,"ROMA CIAMPINO, IT",41.7831,12.5831,105.0,9,7,6,0,0,100.5,8.8,12.7,4.8,0.25,0.62
1978-03-01,IT000016239,"ROMA CIAMPINO, IT",41.7831,12.5831,105.0,13,7,0,0,0,81.3,10.1,15.0,5.2,-0.2,0.25
1978-04-01,IT000016239,"ROMA CIAMPINO, IT",41.7831,12.5831,105.0,17,13,0,0,0,164.9,11.5,15.7,7.4,-0.7,-0.2
1978-05-01,IT000016239,"ROMA CIAMPINO, IT",41.7831,12.5831,105.0,11,7,0,0,0,92.1,15.9,20.4,11.5,-0.74,-0.7
1978-06-01,IT000016239,"ROMA CIAMPINO, IT",41.7831,12.5831,105.0,5,5,0,0,1,23.3,20.6,26.6,14.6,-0.71,-0.74
1978-07-01,IT000016239,"ROMA CIAMPINO, IT",41.7831,12.5831,105.0,0,0,0,0,6,0.1,21.9,28.8,15.1,-0.55,-0.71
1978-08-01,IT000016239,"ROMA CIAMPINO, IT",41.7831,12.5831,105.0,4,3,0,0,7,21.7,22.6,29.4,15.9,-0.79,-0.55
1978-09-01,IT000016239,"ROMA CIAMPINO, IT",41.7831,12.5831,105.0,6,5,0,0,0,73.5,19.6,26.0,13.1,-0.71,-0.79
1978-10-01,IT000016239,"ROMA CIAMPINO, IT",41.7831,12.5831,105.0,21,21,0,0,0,588.4,15.1,20.8,9.4,-0.46,-0.71
1978-11-01,IT000016239,"ROMA CIAMPINO, IT",41.7831,12.5831,105.0,30,30,0,0,0,576.0,9.3,15.2,3.5,-0.38,-0.46
1978-12-01,IT000016239,"ROMA CIAMPINO, IT",41.7831,12.5831,105.0,31,31,0,0,0,595.2,10.2,14.2,6.3,-0.06,-0.38
1979-01-01,IT000016239,"ROMA CIAMPINO, IT",41.7831,12.5831,105.0,31,31,11,0,0,855.6,6.6,10.4,2.9,-0.13,-0.06
1979-02-01,IT000016239,"ROMA CIAMPINO, IT",41.7831,12.5831,105.0,27,27,4,0,0,745.2,9.6,13.4,5.8,-0.22,-0.13
1979-03-01,IT000016239,"ROMA CIAMPINO, IT",41.7831,12.5831,105.0,9,6,0,0,0,80.2,11.0,15.6,6.4,-0.02,-0.22
1979-04-01,IT000016239,"ROMA CIAMPINO, IT",41.7831,12.5831,105.0,14,9,0,0,0,88.1,11.3,16.2,6.4,0.02,-0.02
1979-05-01,IT000016239,"ROMA CIAMPINO, IT",41.7831,12.5831,105.0,4,3,0,0,0,19.7,16.8,23.3,10.3,-0.25,0.02
1979-06-01,IT000016239,"ROMA CIAMPINO, IT",41.7831,12.5831,105.0,8,3,0,0,1,29.6,21.6,27.9,15.2,-0.29,-0.25
1979-07-01,IT000016239,"ROMA CIAMPINO, IT",41.7831,12.5831,105.0,3,3,0,0,4,12.9,23.6,29.9,17.2,-0.47,-0.29
1979-08-01,IT000016239,"ROMA CIAMPINO, IT",41.7831,12.5831,105.0,6,3,0,0,6,45.8,23.1,29.5,16.8,-0.1,-0.47
1979-09-01,IT000016239,"ROMA CIAMPINO, IT",41.7831,12.5831,105.0,8,7,0,0,0,145.6,20.0,25.9,14.2,0.28,-0.1
1979-10-01,IT000016239,"ROMA CIAMPINO, IT",41.7831,12.5831,105.0,13,12,0,0,0,216.0,16.7,21.8,11.7,0.11,0.28
1979-11-01,IT000016239,"ROMA CIAMPINO, IT",41.7831,12.5831,105.0,9,8,0,0,0,123.5,10.1,14.7,5.4,0.29,0.11
1979-12-01,IT000016239,"ROMA CIAMPINO, IT",41.7831,12.5831,105.0,13,9,0,0,0,119.1,8.4,13.3,3.6,0.52,0.29
1980-01-01,IT000016239,"ROMA CIAMPINO, IT",41.7831,12.5831,105.0,13,9,7,0,0,118.9,6.8,10.6,2.9,0.54,0.52
1980-02-01,IT000016239,"ROMA CIAMPINO, IT",41.7831,12.5831,105.0,3,2,3,0,0,11.9,8.2,13.7,2.8,0.22,0.54
1980-03-01,IT000016239,"ROMA CIAMPINO, IT",41.7831,12.5831,105.0,17,10,0,0,0,94.3,10.2,15.0,5.4,0.03,0.22
1980-04-01,IT000016239,"ROMA CIAMPINO, IT",41.7831,12.5831,105.0,8,3,0,0,0,19.9,10.7,15.8,5.6,-0.07,0.03
1980-05-01,IT000016239,"ROMA CIAMPINO, IT",41.7831,12.5831,105.0,13,9,0,0,0,129.1,14.5,19.4,9.6,0.08,-0.07
1980-06-01,IT000016239,"ROMA CIAMPINO, IT",41.7831,12.5831,105.0,5,3,0,0,0,20.2,19.3,25.3,13.4,0.21,0.08
1980-07-01,IT000016239,"ROMA CIAMPINO, IT",41.7831,12.5831,105.0,1,0,0,0,4,0.5,21.8,28.5,15.1,-0.06,0.21
1980-08-01,IT000016239,"ROMA CIAMPINO, IT",41.7831,12.5831,105.0,2,2,0,0,7,40.4,24.4,30.8,18.1,-0.38,-0.06
1980-09-01,IT000016239,"ROMA CIAMPINO, IT",41.7831,12.5831,105.0,1,1,0,0,0,3.8,20.6,27.2,13.9,-0.28,-0.38
1980-10-01,IT000016239,"ROMA CIAMPINO, IT",41.7831,12.5831,105.0,12,9,0,0,0,132.8,16.0,21.3,10.7,-0.26,-0.28
1980-11-01,IT000016239,"ROMA CIAMPINO, IT",41.7831,12.5831,105.0,15,11,0,0,0,204.6,11.9,16.0,7.8,-0.1,-0.26
1980-12-01,IT000016239,"ROMA CIAMPINO, IT",41.7831,12.5831,105.0,11,7,10,0,0,73.6,6.1,10.3,1.8,0.05,-0.1
1981-01-01,IT000016239,"ROMA CIAMPINO, IT",41.7831,12.5831,105.0,7,5,20,0,0,96.4,4.5,9.3,-0.4,-0.36,0.05
1981-02-01,IT000016239,"ROMA CIAMPINO, IT",41.7831,12.5831,105.0,11,9,10,0,0,79.6,6.6,11.3,1.8,-0.64,-0.36
1981-03-01,IT000016239,"ROMA CIAMPINO, IT",41.7831,12.5831,105.0,6,3,0,0,0,26.0,11.7,16.7,6.6,-0.64,-0.64
1981-04-01,IT000016239,"ROMA CIAMPINO, IT",41.7831,12.5831,105.0,8,5,0,0,0,61.7,13.5,18.9,8.2,-0.53,-0.64
1981-05-01,IT000016239,"ROMA CIAMPINO, IT",41.7831,12.5831,105.0,6,4,0,0,0,56.2,16.3,22.3,10.4,-0.57,-0.53
1981-06-01,IT000016239,"ROMA CIAMPINO, IT",41.7831,12.5831,105.0,6,5,0,0,5,58.6,21.6,28.3,14.9,-0.46,-0.57
1981-07-01,IT000016239,"ROMA CIAMPINO, IT",41.7831,12.5831,105.0,3,2,0,0,1,44.0,22.3,29.0,15.6,-0.64,-0.46
1981-08-01,IT000016239,"ROMA CIAMPINO, IT",41.7831,12.5831,105.0,3,2,0,0,11,9.1,23.8,30.9,16.6,-0.53,-0.64
1981-09-01,IT000016239,"ROMA CIAMPINO, IT",41.7831,12.5831,105.0,7,4,0,0,0,99.9,21.1,26.9,15.4,-0.19,-0.53
1981-10-01,IT000016239,"ROMA CIAMPINO, IT",41.7831,12.5831,105.0,10,4,0,0,0,90.1,16.9,22.7,11.0,-0.3,-0.19
1981-11-01,IT000016239,"ROMA CIAMPINO, IT",41.7831,12.5831,105.0,2,1,8,0,0,6.9,8.1,13.4,2.9,-0.41,-0.3
1981-12-01,IT000016239,"ROMA CIAMPINO, IT",41.7831,12.5831,105.0,15,10,5,0,0,128.5,9.0,12.7,5.3,-0.2,-0.41
1982-01-01,IT000016239,"ROMA CIAMPINO, IT",41.7831,12.5831,105.0,4,1,2,0,0,9.2,8.5,13.1,3.9,0.13,-0.2
1982-02-01,IT000016239,"ROMA CIAMPINO, IT",41.7831,12.5831,105.0,8,2,7,0,0,17.2,7.3,12.1,2.6,-0.17,0.13
1982-03-01,IT000016239,"ROMA CIAMPINO, IT",41.7831,12.5831,105.0,15,7,3,0,0,89.2,8.9,14.1,3.8,0.13,-0.17
1982-04-01,IT000016239,"ROMA CIAMPINO, IT",41.7831,12.5831,105.0,8,3,0,0,0,31.0,11.9,17.3,6.5,0.21,0.13
1982-05-01,IT000016239,"ROMA CIAMPINO, IT",41.7831,12.5831,105.0,6,5,0,0,0,53.4,17.0,22.9,11.1,0.45,0.21
1982-06-01,IT000016239,"ROMA CIAMPINO, IT",41.7831,12.5831,105.0,5,0,0,0,5,5.4,22.5,29.0,16.1,0.53,0.45
1982-07-01,IT000016239,"ROMA CIAMPINO, IT",41.7831,12.5831,105.0,3,3,0,0,14,57.4,25.2,31.6,18.8,0.37,0.53
1982-08-01,IT000016239,"ROMA CIAMPINO, IT",41.7831,12.5831,105.0,3,2,0,0,9,14.6,24.3,30.8,17.7,0.73,0.37
1982-09-01,IT000016239,"ROMA CIAMPINO, IT",41.7831,12.5831,105.0,9,4,0,0,4,54.2,22.8,29.1,16.6,1.49,0.73
1982-10-01,IT000016239,"ROMA CIAMPINO, IT",41.7831,12.5831,105.0,13,10,0,0,0,155.0,16.2,20.7,11.6,1.99,1.49
1982-11-01,IT000016239,"ROMA CIAMPINO, IT",41.7831,12.5831,105.0,11,5,0,0,0,145.4,12.3,16.9,7.7,1.92,1.99
1982-12-01,IT000016239,"ROMA CIAMPINO, IT",41.7831,12.5831,105.0,12,6,2,0,0,109.8,9.2,12.9,5.5,2.2,1.92
1983-01-01,IT000016239,"ROMA CIAMPINO, IT",41.7831,12.5831,105.0,5,1,8,0,0,8.6,6.8,11.7,1.9,2.35,2.2
1983-02-01,IT000016239,"ROMA CIAMPINO, IT",41.7831,12.5831,105.0,13,10,10,0,0,146.4,5.9,10.4,1.4,1.94,2.35
1983-03-01,IT000016239,"ROMA CIAMPINO, IT",41.7831,12.5831,105.0,6,5,0,0,0,56.0,10.1,14.8,5.3,1.38,1.94
1983-04-01,IT000016239,"ROMA CIAMPINO, IT",41.7831,12.5831,105.0,8,4,0,0,0,46.8,13.1,18.5,7.6,0.95,1.38
1983-05-01,IT000016239,"ROMA CIAMPINO, IT",41.7831,12.5831,105.0,3,1,0,0,0,14.6,17.1,23.5,10.6,0.9,0.95
1983-06-01,IT000016239,"ROMA CIAMPINO, IT",41.7831,12.5831,105.0,8,4,0,0,0,84.0,20.6,27.2,14.1,0.54,0.9
1983-07-01,IT000016239,"ROMA CIAMPINO, IT",41.7831,12.5831,105.0,5,3,0,0,13,25.7,25.3,32.4,18.3,-0.11,0.54
1983-08-01,IT000016239,"ROMA CIAMPINO, IT",41.7831,12.5831,105.0,8,5,0,0,1,86.4,23.1,28.8,17.4,-0.27,-0.11
1983-09-01,IT000016239,"ROMA CIAMPINO, IT",41.7831,12.5831,105.0,5,3,0,0,0,29.4,20.5,26.7,14.2,-0.52,-0.27
1983-10-01,IT000016239,"ROMA CIAMPINO, IT",41.7831,12.5831,105.0,5,4,0,0,0,66.4,15.9,21.4,10.3,-1.16,-0.52
1983-11-01,IT000016239,"ROMA CIAMPINO, IT",41.7831,12.5831,105.0,9,5,0,0,0,57.8,11.2,15.8,6.6,-1.29,-1.16
1983-12-01,IT000016239,"ROMA CIAMPINO, IT",41.7831,12.5831,105.0,9,9,4,0,0,87.4,8.4,12.4,4.3,-1.03,-1.29
1984-01-01,IT000016239,"ROMA CIAMPINO, IT",41.7831,12.5831,105.0,11,8,9,0,0,113.1,7.1,11.5,2.7,-0.67,-1.03
1984-02-01,IT000016239,"ROMA CIAMPINO, IT",41.7831,12.5831,105.0,13,9,7,0,0,166.5,6.9,11.0,2.7,-0.19,-0.67
1984-03-01,IT000016239,"ROMA CIAMPINO, IT",41.7831,12.5831,105.0,11,7,1,0,0,68.2,8.8,13.4,4.2,-0.52,-0.19
1984-04-01,IT000016239,"ROMA CIAMPINO, IT",41.7831,12.5831,105.0,14,8,0,0,0,58.3,11.7,16.6,6.8,-0.68,-0.52
1984-05-01,IT000016239,"ROMA CIAMPINO, IT",41.7831,12.5831,105.0,16,9,0,0,0,106.2,15.7,20.7,10.7,-0.73,-0.68
1984-06-01,IT000016239,"ROMA CIAMPINO, IT",41.7831,12.5831,105.0,6,4,0,0,0,31.5,19.5,25.2,13.8,-0.9,-0.73
1984-07-01,IT000016239,"ROMA CIAMPINO, IT",41.7831,12.5831,105.0,0,0,0,0,7,0.0,23.1,30.0,16.3,-0.5,-0.9
1984-08-01,IT000016239,"ROMA CIAMPINO, IT",41.7831,12.5831,105.0,7,3,0,0,4,53.8,22.2,28.1,16.3,-0.24,-0.5
1984-09-01,IT000016239,"ROMA CIAMPINO, IT",41.7831,12.5831,105.0,10,7,0,0,0,98.7,19.1,24.4,13.8,-0.34,-0.24
1984-10-01,IT000016239,"ROMA CIAMPINO, IT",41.7831,12.5831,105.0,15,7,0,0,0,83.3,16.3,21.1,11.4,-0.67,-0.34
1984-11-01,IT000016239,"ROMA CIAMPINO, IT",41.7831,12.5831,105.0,11,7,0,0,0,189.2,12.3,17.1,7.5,-1.19,-0.67
1984-12-01,IT000016239,"ROMA CIAMPINO, IT",41.7831,12.5831,105.0,12,8,4,0,0,57.6,8.6,12.7,4.4,-1.34,-1.19
1985-01-01,IT000016239,"ROMA CIAMPINO, IT",41.7831,12.5831,105.0,13,9,13,4,0,128.2,4.1,8.1,0.0,-1.16,-1.34
1985-02-01,IT000016239,"ROMA CIAMPINO, IT",41.7831,12.5831,105.0,6,4,7,0,0,23.1,8.1,12.4,3.7,-0.72,-1.16
1985-03-01,IT000016239,"ROMA CIAMPINO, IT",41.7831,12.5831,105.0,15,13,3,0,0,127.7,9.6,13.7,5.5,-0.79,-0.72
1985-04-01,IT000016239,"ROMA CIAMPINO, IT",41.7831,12.5831,105.0,4,2,0,0,0,20.7,13.5,18.3,8.7,-1.18,-0.79
1985-05-01,IT000016239,"ROMA CIAMPINO, IT",41.7831,12.5831,105.0,9,5,0,0,0,46.8,17.5,22.7,12.2,-1.03,-1.18
1985-06-01,IT000016239,"ROMA CIAMPINO, IT",41.7831,12.5831,105.0,2,0,0,0,0,2.1,21.1,26.7,15.5,-0.91,-1.03
1985-07-01,IT000016239,"ROMA CIAMPINO, IT",41.7831,12.5831,105.0,0,0,0,0,12,0.0,25.8,32.0,19.5,-0.74,-0.91
1985-08-01,IT000016239,"ROMA CIAMPINO, IT",41.7831,12.5831,105.0,3,3,0,0,10,11.0,24.6,30.8,18.4,-0.56,-0.74
1985-09-01,IT000016239,"ROMA CIAMPINO, IT",41.7831,12.5831,105.0,2,2,0,0,0,20.7,22.3,28.7,15.9,-0.7,-0.56
1985-10-01,IT000016239,"ROMA CIAMPINO, IT",41.7831,12.5831,105.0,7,5,0,0,0,86.9,16.8,22.5,11.1,-0.49,-0.7
1985-11-01,IT000016239,"ROMA CIAMPINO, IT",41.7831,12.5831,105.0,18,15,0,0,0,244.2,12.0,15.8,8.2,-0.37,-0.49
1985-12-01,IT000016239,"ROMA CIAMPINO, IT",41.7831,12.5831,105.0,5,5,3,0,0,46.8,9.2,13.4,5.0,-0.41,-0.37
1986-01-01,IT000016239,"ROMA CIAMPINO, IT",41.7831,12.5831,105.0,10,6,7,0,0,94.4,7.0,11.3,2.7,-0.66,-0.41
1986-02-01,IT000016239,"ROMA CIAMPINO, IT",41.7831,12.5831,105.0,19,12,7,0,0,168.6,6.3,10.0,2.5,-0.71,-0.66
1986-03-01,IT000016239,"ROMA CIAMPINO, IT",41.7831,12.5831,105.0,12,6,0,0,0,57.0,10.4,14.6,6.1,-0.42,-0.71
1986-04-01,IT000016239,"ROMA CIAMPINO, IT",41.7831,12.5831,105.0,11,8,0,0,0,90.3,12.8,17.8,7.9,-0.33,-0.42
1986-05-01,IT000016239,"ROMA CIAMPINO, IT",41.7831,12.5831,105.0,1,0,0,0,0,1.5,19.4,25.2,13.6,-0.53,-0.33
1986-06-01,IT000016239,"ROMA CIAMPINO, IT",41.7831,12.5831,105.0,10,5,0,0,0,59.9,20.2,25.4,14.9,-0.31,-0.53
1986-07-01,IT000016239,"ROMA CIAMPINO, IT",41.7831,12.5831,105.0,7,3,0,0,3,43.2,23.5,29.0,17.9,-0.11,-0.31
1986-08-01,IT000016239,"ROMA CIAMPINO, IT",41.7831,12.5831,105.0,2,1,0,0,9,8.6,24.6,30.7,18.6,0.32,-0.11
1986-09-01,IT000016239,"ROMA CIAMPINO, IT",41.7831,12.5831,105.0,4,4,0,0,0,64.9,20.9,26.7,15.1,0.53,0.32
1986-10-01,IT000016239,"ROMA CIAMPINO, IT",41.7831,12.5831,105.0,6,5,0,0,0,51.6,17.5,22.9,12.1,0.81,0.53
1986-11-01,IT000016239,"ROMA CIAMPINO, IT",41.7831,12.5831,105.0,7,6,0,0,0,101.5,11.6,16.4,6.9,1.01,0.81
1986-12-01,IT000016239,"ROMA CIAMPINO, IT",41.7831,12.5831,105.0,8,4,8,0,0,48.5,6.6,11.4,1.9,1.12,1.01
1987-01-01,IT000016239,"ROMA CIAMPINO, IT",41.7831,12.5831,105.0,15,11,9,0,0,130.8,7.0,11.2,2.9,1.14,1.12
1987-02-01,IT000016239,"ROMA CIAMPINO, IT",41.7831,12.5831,105.0,12,10,3,0,0,144.8,8.3,12.0,4.6,1.13,1.14
1987-03-01,IT000016239,"ROMA CIAMPINO, IT",41.7831,12.5831,105.0,8,4,16,0,0,37.6,6.4,11.9,0.9,0.98,1.13
1987-04-01,IT000016239,"ROMA CIAMPINO, IT",41.7831,12.5831,105.0,6,1,1,0,0,18.4,12.6,18.4,6.9,0.58,0.98
1987-05-01,IT000016239,"ROMA CIAMPINO, IT",41.7831,12.5831,105.0,9,4,0,0,0,40.9,14.8,20.3,9.3,0.62,0.58
1987-06-01,IT000016239,"ROMA CIAMPINO, IT",41.7831,12.5831,105.0,7,4,0,0,3,32.9,20.5,26.6,14.5,0.92,0.62
1987-07-01,IT000016239,"ROMA CIAMPINO, IT",41.7831,12.5831,105.0,1,0,0,0,9,1.9,25.5,31.3,19.7,1.29,0.92
1987-08-01,IT000016239,"ROMA CIAMPINO, IT",41.7831,12.5831,105.0,2,1,0,0,11,10.4,24.9,30.8,19.1,1.57,1.29
1987-09-01,IT000016239,"ROMA CIAMPINO, IT",41.7831,12.5831,105.0,3,1,0,0,6,9.3,23.9,30.1,17.8,1.65,1.57
1987-10-01,IT000016239,"ROMA CIAMPINO, IT",41.7831,12.5831,105.0,8,5,0,0,0,141.0,18.8,23.3,14.2,1.24,1.65
1987-11-01,IT000016239,"ROMA CIAMPINO, IT",41.7831,12.5831,105.0,15,12,0,0,0,145.7,11.8,16.0,7.7,1.07,1.24
1987-12-01,IT000016239,"ROMA CIAMPINO, IT",41.7831,12.5831,105.0,11,6,2,0,0,68.5,9.2,13.0,5.5,0.94,1.07
1988-01-01,IT000016239,"ROMA CIAMPINO, IT",41.7831,12.5831,105.0,14,7,1,0,0,59.9,9.6,13.7,5.5,0.9,0.94
1988-02-01,IT000016239,"ROMA CIAMPINO, IT",41.7831,12.5831,105.0,12,7,7,0,0,55.4,7.9,12.9,3.1,0.28,0.9
1988-03-01,IT000016239,"ROMA CIAMPINO, IT",41.7831,12.5831,105.0,7,4,6,0,0,66.5,9.4,14.5,4.3,0.1,0.28
1988-04-01,IT000016239,"ROMA CIAMPINO, IT",41.7831,12.5831,105.0,17,10,0,0,0,78.0,13.1,18.1,8.1,-0.44,0.1
1988-05-01,IT000016239,"ROMA CIAMPINO, IT",41.7831,12.5831,105.0,7,4,0,0,0,61.7,18.2,23.3,13.1,-1.25,-0.44
1988-06-01,IT000016239,"ROMA CIAMPINO, IT",41.7831,12.5831,105.0,4,2,1,0,0,40.0,20.9,28.2,0.0,-1.74,-1.25
1988-07-01,IT000016239,"ROMA CIAMPINO, IT",41.7831,12.5831,105.0,0,0,0,0,18,0.0,25.8,32.0,19.6,-1.74,-1.74
1988-08-01,IT000016239,"ROMA CIAMPINO, IT",41.7831,12.5831,105.0,1,1,0,0,14,14.1,25.2,31.5,19.0,-1.19,-1.74
1988-09-01,IT000016239,"ROMA CIAMPINO, IT",41.7831,12.5831,105.0,5,1,0,0,1,11.4,20.3,26.3,14.3,-1.0,-1.19
1988-10-01,IT000016239,"ROMA CIAMPINO, IT",41.7831,12.5831,105.0,7,4,0,0,0,80.1,18.0,23.1,12.9,-1.9,-1.0
1988-11-01,IT000016239,"ROMA CIAMPINO, IT",41.7831,12.5831,105.0,8,5,3,0,0,40.3,9.1,13.8,4.4,-2.05,-1.9
1988-12-01,IT000016239,"ROMA CIAMPINO, IT",41.7831,12.5831,105.0,4,4,7,0,0,60.8,7.1,11.5,2.8,-1.96,-2.05
1989-01-01,IT000016239,"ROMA CIAMPINO, IT",41.7831,12.5831,105.0,2,1,8,0,0,20.4,6.3,11.0,1.6,-1.97,-1.96
1989-02-01,IT000016239,"ROMA CIAMPINO, IT",41.7831,12.5831,105.0,4,3,2,0,0,30.7,8.6,13.3,4.0,-1.47,-1.97
1989-03-01,IT000016239,"ROMA CIAMPINO, IT",41.7831,12.5831,105.0,7,4,0,0,0,36.1,12.1,17.5,6.7,-1.21,-1.47
1989-04-01,IT000016239,"ROMA CIAMPINO, IT",41.7831,12.5831,105.0,16,11,0,0,0,148.1,13.3,17.6,8.9,-1.08,-1.21
1989-05-01,IT000016239,"ROMA CIAMPINO, IT",41.7831,12.5831,105.0,5,4,0,0,0,58.1,16.7,22.0,11.4,-0.88,-1.08
1989-06-01,IT000016239,"ROMA CIAMPINO, IT",41.7831,12.5831,105.0,7,2,0,0,0,28.0,20.0,25.3,14.8,-0.59,-0.88
1989-07-01,IT000016239,"ROMA CIAMPINO, IT",41.7831,12.5831,105.0,6,6,0,0,5,74.2,24.3,30.0,18.6,-0.57,-0.59
1989-08-01,IT000016239,"ROMA CIAMPINO, IT",41.7831,12.5831,105.0,1,0,0,0,13,1.2,25.1,31.1,19.2,-0.53,-0.57
1989-09-01,IT000016239,"ROMA CIAMPINO, IT",41.7831,12.5831,105.0,11,9,0,0,0,133.8,20.4,25.3,15.4,-0.3,-0.53
1989-10-01,IT000016239,"ROMA CIAMPINO, IT",41.7831,12.5831,105.0,5,3,0,0,0,23.5,14.7,20.1,9.3,-0.4,-0.3
1989-11-01,IT000016239,"ROMA CIAMPINO, IT",41.7831,12.5831,105.0,12,9,1,0,0,90.6,10.8,15.1,6.5,-0.45,-0.4
1989-12-01,IT000016239,"ROMA CIAMPINO, IT",41.7831,12.5831,105.0,8,5,8,0,0,96.5,9.5,13.9,5.2,-0.13,-0.45
1990-01-01,IT000016239,"ROMA CIAMPINO, IT",41.7831,12.5831,105.0,4,3,11,0,0,69.1,7.3,12.1,2.5,0.01,-0.13
1990-02-01,IT000016239,"ROMA CIAMPINO, IT",41.7831,12.5831,105.0,3,2,1,0,0,14.4,10.2,15.7,4.6,0.21,0.01
1990-03-01,IT000016239,"ROMA CIAMPINO, IT",41.7831,12.5831,105.0,8,6,2,0,0,73.9,11.2,16.2,6.1,0.04,0.21
1990-04-01,IT000016239,"ROMA CIAMPINO, IT",41.7831,12.5831,105.0,13,10,0,0,0,146.2,12.3,17.0,7.6,0.08,0.04
1990-05-01,IT000016239,"ROMA CIAMPINO, IT",41.7831,12.5831,105.0,7,2,0,0,0,25.4,17.9,23.7,12.2,0.08,0.08
1990-06-01,IT000016239,"ROMA CIAMPINO, IT",41.7831,12.5831,105.0,4,2,0,0,2,8.4,21.7,27.5,15.9,-0.08,0.08
1990-07-01,IT000016239,"ROMA CIAMPINO, IT",41.7831,12.5831,105.0,2,1,0,0,9,60.1,24.9,30.8,19.0,0.09,-0.08
1990-08-01,IT000016239,"ROMA CIAMPINO, IT",41.7831,12.5831,105.0,3,1,0,0,3,9.0,24.4,30.2,18.6,0.22,0.09
1990-09-01,IT000016239,"ROMA CIAMPINO, IT",41.7831,12.5831,105.0,4,3,0,0,0,66.5,21.0,26.1,15.9,0.22,0.22
1990-10-01,IT000016239,"ROMA CIAMPINO, IT",41.7831,12.5831,105.0,15,10,0,0,0,196.8,18.6,22.7,14.4,0.21,0.22
1990-11-01,IT000016239,"ROMA CIAMPINO, IT",41.7831,12.5831,105.0,14,8,0,0,0,97.5,11.5,16.0,7.1,0.1,0.21
1990-12-01,IT000016239,"ROMA CIAMPINO, IT",41.7831,12.5831,105.0,11,10,6,0,0,198.9,6.4,10.1,2.6,0.35,0.1
1991-01-01,IT000016239,"ROMA CIAMPINO, IT",41.7831,12.5831,105.0,3,0,13,0,0,3.3,7.1,11.9,2.4,0.49,0.35
1991-02-01,IT000016239,"ROMA CIAMPINO, IT",41.7831,12.5831,105.0,14,8,10,0,0,55.1,7.4,11.9,2.9,0.32,0.49
1991-03-01,IT000016239,"ROMA CIAMPINO, IT",41.7831,12.5831,105.0,7,4,0,0,0,33.8,12.4,17.3,7.5,0.03,0.32
1991-04-01,IT000016239,"ROMA CIAMPINO, IT",41.7831,12.5831,105.0,12,11,0,0,0,140.6,11.3,16.4,6.2,0.19,0.03
1991-05-01,IT000016239,"ROMA CIAMPINO, IT",41.7831,12.5831,105.0,14,10,0,0,0,88.2,13.7,19.1,8.3,0.26,0.19
1991-06-01,IT000016239,"ROMA CIAMPINO, IT",41.7831,12.5831,105.0,2,2,0,0,0,18.8,20.6,25.9,15.2,0.52,0.26
1991-07-01,IT000016239,"ROMA CIAMPINO, IT",41.7831,12.5831,105.0,1,1,0,0,8,15.5,25.1,31.2,19.1,0.76,0.52
1991-08-01,IT000016239,"ROMA CIAMPINO, IT",41.7831,12.5831,105.0,3,1,0,0,13,6.0,25.6,31.7,19.6,0.68,0.76
1991-09-01,IT000016239,"ROMA CIAMPINO, IT",41.7831,12.5831,105.0,10,5,0,0,0,57.6,22.2,27.5,17.0,0.42,0.68
1991-10-01,IT000016239,"ROMA CIAMPINO, IT",41.7831,12.5831,105.0,13,11,0,0,0,224.4,15.5,20.3,10.7,0.86,0.42
1991-11-01,IT000016239,"ROMA CIAMPINO, IT",41.7831,12.5831,105.0,14,11,0,0,0,147.3,11.0,15.2,6.9,1.2,0.86
1991-12-01,IT000016239,"ROMA CIAMPINO, IT",41.7831,12.5831,105.0,3,0,16,0,0,1.6,5.0,10.0,-0.1,1.69,1.2
1992-01-01,IT000016239,"ROMA CIAMPINO, IT",41.7831,12.5831,105.0,5,3,6,0,0,34.1,7.2,11.8,2.6,1.84,1.69
1992-02-01,IT000016239,"ROMA CIAMPINO, IT",41.7831,12.5831,105.0,3,1,7,0,0,11.4,7.9,13.5,2.3,1.78,1.84
1992-03-01,IT000016239,"ROMA CIAMPINO, IT",41.7831,12.5831,105.0,9,6,0,0,0,63.3,10.6,15.4,5.9,1.38,1.78
1992-04-01,IT000016239,"ROMA CIAMPINO, IT",41.7831,12.5831,105.0,11,8,0,0,0,122.4,13.2,17.9,8.4,1.2,1.38
1992-05-01,IT000016239,"ROMA CIAMPINO, IT",41.7831,12.5831,105.0,9,3,0,0,0,32.0,18.3,24.2,12.3,1.04,1.2
1992-06-01,IT000016239,"ROMA CIAMPINO, IT",41.7831,12.5831,105.0,14,8,0,0,0,120.9,20.3,25.3,15.3,0.58,1.04
1992-07-01,IT000016239,"ROMA CIAMPINO, IT",41.7831,12.5831,105.0,5,4,0,0,7,47.4,23.6,28.8,18.4,0.22,0.58
1992-08-01,IT000016239,"ROMA CIAMPINO, IT",41.7831,12.5831,105.0,1,1,0,0,16,8.6,26.2,32.2,20.3,0.05,0.22
1992-09-01,IT000016239,"ROMA CIAMPINO, IT",41.7831,12.5831,105.0,2,2,0,0,0,69.3,21.7,27.7,15.7,-0.06,0.05
1992-10-01,IT000016239,"ROMA CIAMPINO, IT",41.7831,12.5831,105.0,21,10,0,0,0,170.9,17.5,21.1,13.8,-0.3,-0.06
1992-11-01,IT000016239,"ROMA CIAMPINO, IT",41.7831,12.5831,105.0,8,5,0,0,0,59.6,13.2,17.8,8.7,-0.28,-0.3
1992-12-01,IT000016239,"ROMA CIAMPINO, IT",41.7831,12.5831,105.0,9,4,1,0,0,81.9,8.7,12.6,4.8,-0.15,-0.28
1993-01-01,IT000016239,"ROMA CIAMPINO, IT",41.7831,12.5831,105.0,1,1,9,0,0,3.7,6.8,11.8,1.8,0.14,-0.15
1993-02-01,IT000016239,"ROMA CIAMPINO, IT",41.7831,12.5831,105.0,4,0,10,0,0,3.1,7.1,13.5,0.8,0.41,0.14
1993-03-01,IT000016239,"ROMA CIAMPINO, IT",41.7831,12.5831,105.0,7,4,5,0,0,45.7,9.5,15.4,3.7,0.39,0.41
1993-04-01,IT000016239,"ROMA CIAMPINO, IT",41.7831,12.5831,105.0,8,3,0,0,0,18.7,12.9,18.1,7.7,0.59,0.39
1993-05-01,IT000016239,"ROMA CIAMPINO, IT",41.7831,12.5831,105.0,8,6,0,0,0,28.0,18.3,24.4,12.2,0.78,0.59
1993-06-01,IT000016239,"ROMA CIAMPINO, IT",41.7831,12.5831,105.0,4,1,0,0,3,4.6,22.5,28.4,16.7,0.35,0.78
1993-07-01,IT000016239,"ROMA CIAMPINO, IT",41.7831,12.5831,105.0,2,0,0,0,6,0.9,23.8,29.8,17.7,0.23,0.35
1993-08-01,IT000016239,"ROMA CIAMPINO, IT",41.7831,12.5831,105.0,0,0,0,0,23,0.1,26.3,32.6,20.0,0.13,0.23
1993-09-01,IT000016239,"ROMA CIAMPINO, IT",41.7831,12.5831,105.0,8,5,0,0,0,83.1,21.3,26.6,16.1,0.35,0.13
1993-10-01,IT000016239,"ROMA CIAMPINO, IT",41.7831,12.5831,105.0,10,7,0,0,0,99.0,16.9,21.2,12.5,0.06,0.35
1993-11-01,IT000016239,"ROMA CIAMPINO, IT",41.7831,12.5831,105.0,15,11,1,0,0,81.2,10.4,14.0,6.9,0.0,0.06
1993-12-01,IT000016239,"ROMA CIAMPINO, IT",41.7831,12.5831,105.0,13,8,3,0,0,79.6,8.7,12.5,4.9,0.16,0.0
1994-01-01,IT000016239,"ROMA CIAMPINO, IT",41.7831,12.5831,105.0,10,7,1,0,0,61.9,8.8,12.5,5.0,0.1,0.16
1994-02-01,IT000016239,"ROMA CIAMPINO, IT",41.7831,12.5831,105.0,9,7,2,0,0,67.7,8.3,12.6,4.0,0.06,0.1
1994-03-01,IT000016239,"ROMA CIAMPINO, IT",41.7831,12.5831,105.0,0,0,0,0,0,0.1,12.3,17.6,7.0,0.11,0.06
1994-04-01,IT000016239,"ROMA CIAMPINO, IT",41.7831,12.5831,105.0,13,8,0,0,0,92.0,12.3,16.6,8.0,0.26,0.11
1994-05-01,IT000016239,"ROMA CIAMPINO, IT",41.7831,12.5831,105.0,3,3,0,0,0,33.6,17.8,22.9,12.8,0.31,0.26
1994-06-01,IT000016239,"ROMA CIAMPINO, IT",41.7831,12.5831,105.0,5,4,0,0,2,45.4,22.0,26.8,17.3,0.32,0.31
1994-07-01,IT000016239,"ROMA CIAMPINO, IT",41.7831,12.5831,105.0,5,2,0,0,12,17.1,26.3,31.8,20.8,0.24,0.32
1994-08-01,IT000016239,"ROMA CIAMPINO, IT",41.7831,12.5831,105.0,0,0,0,0,20,0.1,27.2,32.9,21.5,0.53,0.24
1994-09-01,IT000016239,"ROMA CIAMPINO, IT",41.7831,12.5831,105.0,9,6,0,0,1,30.4,22.7,27.7,17.7,0.48,0.53
1994-10-01,IT000016239,"ROMA CIAMPINO, IT",41.7831,12.5831,105.0,8,4,0,0,0,45.1,16.9,21.6,12.3,0.75,0.48
1994-11-01,IT000016239,"ROMA CIAMPINO, IT",41.7831,12.5831,105.0,6,5,0,0,0,71.8,13.4,17.6,9.1,1.11,0.75
1994-12-01,IT000016239,"ROMA CIAMPINO, IT",41.7831,12.5831,105.0,8,5,0,0,0,48.9,9.6,12.9,6.2,1.25,1.11
1995-01-01,IT000016239,"ROMA CIAMPINO, IT",41.7831,12.5831,105.0,8,4,15,0,0,30.7,5.9,10.2,1.5,1.02,1.25
1995-02-01,IT000016239,"ROMA CIAMPINO, IT",41.7831,12.5831,105.0,10,7,2,0,0,60.0,9.5,14.1,4.9,0.73,1.02
1995-03-01,IT000016239,"ROMA CIAMPINO, IT",41.7831,12.5831,105.0,13,7,1,0,0,63.0,9.4,14.0,4.7,0.46,0.73
1995-04-01,IT000016239,"ROMA CIAMPINO, IT",41.7831,12.5831,105.0,7,7,0,0,0,121.8,12.7,17.6,7.7,0.28,0.46
1995-05-01,IT000016239,"ROMA CIAMPINO, IT",41.7831,12.5831,105.0,7,4,0,0,0,74.1,16.2,21.1,11.2,-0.11,0.28
1995-06-01,IT000016239,"ROMA CIAMPINO, IT",41.7831,12.5831,105.0,6,3,0,0,1,23.7,19.6,25.1,14.1,-0.14,-0.11
1995-07-01,IT000016239,"ROMA CIAMPINO, IT",41.7831,12.5831,105.0,3,1,0,0,12,6.0,25.7,31.5,19.9,-0.21,-0.14
1995-08-01,IT000016239,"ROMA CIAMPINO, IT",41.7831,12.5831,105.0,11,7,0,0,10,103.0,23.9,29.1,18.7,-0.63,-0.21
1995-09-01,IT000016239,"ROMA CIAMPINO, IT",41.7831,12.5831,105.0,10,7,0,0,0,47.4,19.9,24.4,15.3,-0.84,-0.63
1995-10-01,IT000016239,"ROMA CIAMPINO, IT",41.7831,12.5831,105.0,1,1,0,0,0,14.1,17.5,23.5,11.4,-0.88,-0.84
1995-11-01,IT000016239,"ROMA CIAMPINO, IT",41.7831,12.5831,105.0,8,2,3,0,0,19.4,11.2,16.2,6.1,-1.1,-0.88
1995-12-01,IT000016239,"ROMA CIAMPINO, IT",41.7831,12.5831,105.0,16,12,0,0,0,139.3,10.6,14.0,7.1,-0.95,-1.1
1996-01-01,IT000016239,"ROMA CIAMPINO, IT",41.7831,12.5831,105.0,9,8,3,0,0,78.6,9.9,13.9,6.0,-0.86,-0.95
1996-02-01,IT000016239,"ROMA CIAMPINO, IT",41.7831,12.5831,105.0,10,9,7,0,0,89.3,7.4,12.1,2.8,-0.86,-0.86
1996-03-01,IT000016239,"ROMA CIAMPINO, IT",41.7831,12.5831,105.0,7,5,4,0,0,42.0,9.1,13.6,4.7,-0.61,-0.86
1996-04-01,IT000016239,"ROMA CIAMPINO, IT",41.7831,12.5831,105.0,8,4,0,0,0,56.8,13.9,19.0,8.9,-0.47,-0.61
1996-05-01,IT000016239,"ROMA CIAMPINO, IT",41.7831,12.5831,105.0,9,5,0,0,0,56.3,17.9,22.8,13.1,-0.38,-0.47
1996-06-01,IT000016239,"ROMA CIAMPINO, IT",41.7831,12.5831,105.0,7,3,0,0,4,30.5,21.9,27.4,16.4,-0.44,-0.38
1996-07-01,IT000016239,"ROMA CIAMPINO, IT",41.7831,12.5831,105.0,3,3,0,0,4,37.7,23.7,29.6,17.9,-0.44,-0.44
1996-08-01,IT000016239,"ROMA CIAMPINO, IT",41.7831,12.5831,105.0,6,6,0,0,1,87.5,23.7,29.3,18.1,-0.22,-0.44
1996-09-01,IT000016239,"ROMA CIAMPINO, IT",41.7831,12.5831,105.0,14,12,0,0,0,158.5,18.0,23.1,12.9,-0.45,-0.22
1996-10-01,IT000016239,"ROMA CIAMPINO, IT",41.7831,12.5831,105.0,12,10,0,0,0,165.8,15.2,19.9,10.5,-0.44,-0.45
1996-11-01,IT000016239,"ROMA CIAMPINO, IT",41.7831,12.5831,105.0,14,11,0,0,0,179.8,13.1,17.1,9.1,-0.41,-0.44
1996-12-01,IT000016239,"ROMA CIAMPINO, IT",41.7831,12.5831,105.0,15,10,5,0,0,132.3,8.4,12.4,4.3,-0.64,-0.41
1997-01-01,IT000016239,"ROMA CIAMPINO, IT",41.7831,12.5831,105.0,8,5,0,0,0,54.0,8.9,13.0,4.8,-0.53,-0.64
1997-02-01,IT000016239,"ROMA CIAMPINO, IT",41.7831,12.5831,105.0,6,5,2,0,0,50.2,8.6,13.7,3.6,-0.37,-0.53
1997-03-01,IT000016239,"ROMA CIAMPINO, IT",41.7831,12.5831,105.0,3,2,0,0,0,43.4,10.7,16.7,4.6,-0.25,-0.37
1997-04-01,IT000016239,"ROMA CIAMPINO, IT",41.7831,12.5831,105.0,9,6,0,0,0,77.0,10.7,16.2,5.2,0.16,-0.25
1997-05-01,IT000016239,"ROMA CIAMPINO, IT",41.7831,12.5831,105.0,6,3,0,0,0,28.9,18.1,24.0,12.2,0.64,0.16
1997-06-01,IT000016239,"ROMA CIAMPINO, IT",41.7831,12.5831,105.0,6,3,0,0,0,25.5,22.6,27.9,17.2,1.09,0.64
1997-07-01,IT000016239,"ROMA CIAMPINO, IT",41.7831,12.5831,105.0,5,0,0,0,4,6.8,23.9,29.7,18.1,1.56,1.09
1997-08-01,IT000016239,"ROMA CIAMPINO, IT",41.7831,12.5831,105.0,6,6,0,0,6,117.3,24.4,30.0,18.8,1.89,1.56
1997-09-01,IT000016239,"ROMA CIAMPINO, IT",41.7831,12.5831,105.0,2,1,0,0,0,16.6,22.1,27.7,16.4,2.13,1.89
1997-10-01,IT000016239,"ROMA CIAMPINO, IT",41.7831,12.5831,105.0,13,8,0,0,0,132.2,17.0,21.6,12.5,2.36,2.13
1997-11-01,IT000016239,"ROMA CIAMPINO, IT",41.7831,12.5831,105.0,19,12,0,0,0,245.8,12.7,16.2,9.1,2.41,2.36
1997-12-01,IT000016239,"ROMA CIAMPINO, IT",41.7831,12.5831,105.0,12,5,0,0,0,107.2,9.1,13.2,5.1,2.29,2.41
1998-01-01,IT000016239,"ROMA CIAMPINO, IT",41.7831,12.5831,105.0,10,6,3,0,0,113.1,8.2,12.6,3.9,2.38,2.29
1998-02-01,IT000016239,"ROMA CIAMPINO, IT",41.7831,12.5831,105.0,5,4,0,0,0,72.0,9.3,14.9,3.8,2.03,2.38
1998-03-01,IT000016239,"ROMA CIAMPINO, IT",41.7831,12.5831,105.0,4,1,1,0,0,33.1,9.6,15.0,4.1,1.34,2.03
1998-04-01,IT000016239,"ROMA CIAMPINO, IT",41.7831,12.5831,105.0,14,10,0,0,0,97.7,13.8,18.4,9.3,0.78,1.34
1998-05-01,IT000016239,"ROMA CIAMPINO, IT",41.7831,12.5831,105.0,9,6,0,0,0,142.0,17.4,22.6,12.3,0.57,0.78
1998-06-01,IT000016239,"ROMA CIAMPINO, IT",41.7831,12.5831,105.0,3,2,0,0,7,24.8,22.7,28.6,16.8,-0.39,0.57
1998-07-01,IT000016239,"ROMA CIAMPINO, IT",41.7831,12.5831,105.0,2,1,0,0,10,3.8,24.9,30.9,18.8,-0.99,-0.39
1998-08-01,IT000016239,"ROMA CIAMPINO, IT",41.7831,12.5831,105.0,3,1,0,0,15,17.2,26.0,32.2,19.9,-1.28,-0.99
1998-09-01,IT000016239,"ROMA CIAMPINO, IT",41.7831,12.5831,105.0,8,4,0,0,0,89.4,20.6,26.0,15.2,-1.26,-1.28
1998-10-01,IT000016239,"ROMA CIAMPINO, IT",41.7831,12.5831,105.0,10,9,0,0,0,174.8,16.4,20.9,11.9,-1.46,-1.26
1998-11-01,IT000016239,"ROMA CIAMPINO, IT",41.7831,12.5831,105.0,9,3,0,0,0,34.0,10.5,14.4,6.5,-1.46,-1.46
1998-12-01,IT000016239,"ROMA CIAMPINO, IT",41.7831,12.5831,105.0,9,4,8,0,0,85.2,7.3,11.6,2.9,-1.69,-1.46
1999-01-01,IT000016239,"ROMA CIAMPINO, IT",41.7831,12.5831,105.0,6,4,5,0,0,48.6,7.2,11.8,2.6,-1.69,-1.69
1999-02-01,IT000016239,"ROMA CIAMPINO, IT",41.7831,12.5831,105.0,11,4,11,0,0,52.0,6.5,11.8,1.2,-1.32,-1.69
1999-03-01,IT000016239,"ROMA CIAMPINO, IT",41.7831,12.5831,105.0,10,9,0,0,0,115.5,10.4,15.5,5.3,-0.95,-1.32
1999-04-01,IT000016239,"ROMA CIAMPINO, IT",41.7831,12.5831,105.0,11,7,0,0,0,124.8,12.9,17.8,8.0,-1.11,-0.95
1999-05-01,IT000016239,"ROMA CIAMPINO, IT",41.7831,12.5831,105.0,6,4,0,0,0,58.1,18.2,23.3,13.1,-1.15,-1.11
1999-06-01,IT000016239,"ROMA CIAMPINO, IT",41.7831,12.5831,105.0,4,3,0,0,0,31.8,21.9,27.8,16.0,-1.19,-1.15
1999-07-01,IT000016239,"ROMA CIAMPINO, IT",41.7831,12.5831,105.0,4,1,0,0,0,12.8,23.5,29.1,17.9,-1.17,-1.19
1999-08-01,IT000016239,"ROMA CIAMPINO, IT",41.7831,12.5831,105.0,1,0,0,0,0,0.8,24.7,30.2,19.2,-1.22,-1.17
1999-09-01,IT000016239,"ROMA CIAMPINO, IT",41.7831,12.5831,105.0,7,7,0,0,0,136.7,20.8,25.9,15.7,-1.09,-1.22
1999-10-01,IT000016239,"ROMA CIAMPINO, IT",41.7831,12.5831,105.0,11,9,0,0,0,134.5,17.3,22.1,12.5,-1.23,-1.09
1999-11-01,IT000016239,"ROMA CIAMPINO, IT",41.7831,12.5831,105.0,15,11,0,0,0,150.7,11.8,15.8,7.8,-1.58,-1.23
1999-12-01,IT000016239,"ROMA CIAMPINO, IT",41.7831,12.5831,105.0,8,6,1,0,0,88.6,8.6,17.2,0.0,-1.74,-1.58
2000-01-01,IT000016239,"ROMA CIAMPINO, IT",41.7831,12.5831,105.0,0,0,3,0,0,0.0,4.9,11.0,-1.2,-1.77,-1.74
2000-02-01,IT000016239,"ROMA CIAMPINO, IT",41.7831,12.5831,105.0,0,0,1,0,0,0.0,7.7,15.4,0.0,-1.55,-1.77
2000-03-01,IT000016239,"ROMA CIAMPINO, IT",41.7831,12.5831,105.0,0,0,0,0,0,0.0,10.5,20.0,1.0,-0.98,-1.55
2000-04-01,IT000016239,"ROMA CIAMPINO, IT",41.7831,12.5831,105.0,0,0,0,0,0,0.0,14.1,23.4,4.8,-0.87,-0.98
2000-05-01,IT000016239,"ROMA CIAMPINO, IT",41.7831,12.5831,105.0,4,3,0,0,0,53.5,19.0,26.6,13.9,-0.86,-0.87
2000-06-01,IT000016239,"ROMA CIAMPINO, IT",41.7831,12.5831,105.0,3,2,0,0,0,11.9,22.3,28.6,16.0,-0.79,-0.86
2000-07-01,IT000016239,"ROMA CIAMPINO, IT",41.7831,12.5831,105.0,1,1,0,0,5,6.3,23.2,29.1,17.3,-0.67,-0.79
2000-08-01,IT000016239,"ROMA CIAMPINO, IT",41.7831,12.5831,105.0,3,1,0,0,10,50.6,25.0,38.0,18.6,-0.49,-0.67
2000-09-01,IT000016239,"ROMA CIAMPINO, IT",41.7831,12.5831,105.0,5,4,0,0,0,55.3,21.4,27.3,15.4,-0.52,-0.49
2000-10-01,IT000016239,"ROMA CIAMPINO, IT",41.7831,12.5831,105.0,7,4,0,0,0,88.6,17.0,22.0,9.4,-0.7,-0.52
2000-11-01,IT000016239,"ROMA CIAMPINO, IT",41.7831,12.5831,105.0,14,12,0,0,0,194.4,12.8,21.8,9.1,-0.79,-0.7
2000-12-01,IT000016239,"ROMA CIAMPINO, IT",41.7831,12.5831,105.0,10,7,0,0,0,68.9,10.0,17.4,6.0,-0.92,-0.79
2001-01-01,IT000016239,"ROMA CIAMPINO, IT",41.7831,12.5831,105.0,12,10,0,0,0,192.9,9.7,16.8,6.1,-0.73,-0.92
2001-02-01,IT000016239,"ROMA CIAMPINO, IT",41.7831,12.5831,105.0,7,5,2,0,0,50.8,8.7,16.6,4.3,-0.63,-0.73
2001-03-01,IT000016239,"ROMA CIAMPINO, IT",41.7831,12.5831,105.0,7,4,0,0,0,45.7,13.4,17.7,9.1,-0.48,-0.63
2001-04-01,IT000016239,"ROMA CIAMPINO, IT",41.7831,12.5831,105.0,14,7,0,0,0,103.1,12.5,17.7,7.3,-0.49,-0.48
2001-05-01,IT000016239,"ROMA CIAMPINO, IT",41.7831,12.5831,105.0,8,5,0,0,0,80.2,19.0,24.5,13.6,-0.34,-0.49
2001-06-01,IT000016239,"ROMA CIAMPINO, IT",41.7831,12.5831,105.0,4,1,0,0,1,8.4,21.6,27.8,15.6,-0.19,-0.34
2001-07-01,IT000016239,"ROMA CIAMPINO, IT",41.7831,12.5831,105.0,3,0,0,0,7,4.6,24.8,34.4,18.7,-0.04,-0.19
2001-08-01,IT000016239,"ROMA CIAMPINO, IT",41.7831,12.5831,105.0,1,1,0,0,8,4.0,25.8,35.0,19.8,-0.05,-0.04
2001-09-01,IT000016239,"ROMA CIAMPINO, IT",41.7831,12.5831,105.0,7,1,0,0,0,19.0,19.6,28.4,14.0,-0.2,-0.05
2001-10-01,IT000016239,"ROMA CIAMPINO, IT",41.7831,12.5831,105.0,3,1,0,0,0,4.3,19.8,25.6,14.1,-0.14,-0.2
2001-11-01,IT000016239,"ROMA CIAMPINO, IT",41.7831,12.5831,105.0,14,8,0,0,0,108.0,13.1,17.7,8.4,-0.37,-0.14
2001-12-01,IT000016239,"ROMA CIAMPINO, IT",41.7831,12.5831,105.0,9,4,7,0,0,45.3,6.3,15.0,2.5,-0.41,-0.37
2002-01-01,IT000016239,"ROMA CIAMPINO, IT",41.7831,12.5831,105.0,2,1,18,0,0,27.8,5.4,14.0,1.1,-0.15,-0.41
2002-02-01,IT000016239,"ROMA CIAMPINO, IT",41.7831,12.5831,105.0,9,5,0,0,0,74.6,10.2,14.8,5.5,-0.04,-0.15
2002-03-01,IT000016239,"ROMA CIAMPINO, IT",41.7831,12.5831,105.0,3,3,1,0,0,20.2,12.1,21.8,6.4,0.01,-0.04
2002-04-01,IT000016239,"ROMA CIAMPINO, IT",41.7831,12.5831,105.0,10,5,0,0,0,63.6,14.1,23.6,9.0,0.02,0.01
2002-05-01,IT000016239,"ROMA CIAMPINO, IT",41.7831,12.5831,105.0,10,7,0,0,0,85.8,18.2,27.8,13.4,0.31,0.02
2002-06-01,IT000016239,"ROMA CIAMPINO, IT",41.7831,12.5831,105.0,2,2,0,0,5,29.2,24.1,34.4,18.5,0.72,0.31
2002-07-01,IT000016239,"ROMA CIAMPINO, IT",41.7831,12.5831,105.0,6,3,0,0,4,88.5,24.5,29.6,19.3,0.74,0.72
2002-08-01,IT000016239,"ROMA CIAMPINO, IT",41.7831,12.5831,105.0,6,4,0,0,1,133.3,23.5,32.4,18.8,0.87,0.74
2002-09-01,IT000016239,"ROMA CIAMPINO, IT",41.7831,12.5831,105.0,14,8,0,0,0,70.3,19.8,24.5,15.1,1.09,0.87
2002-10-01,IT000016239,"ROMA CIAMPINO, IT",41.7831,12.5831,105.0,8,6,0,0,0,59.7,17.0,21.5,12.6,1.25,1.09
2002-11-01,IT000016239,"ROMA CIAMPINO, IT",41.7831,12.5831,105.0,11,7,1,0,0,119.1,14.6,21.4,10.7,1.47,1.25
2002-12-01,IT000016239,"ROMA CIAMPINO, IT",41.7831,12.5831,105.0,14,11,0,0,0,115.8,9.9,20.8,6.8,1.37,1.47
2003-01-01,IT000016239,"ROMA CIAMPINO, IT",41.7831,12.5831,105.0,12,11,1,0,0,137.8,8.2,16.6,4.7,0.6,1.37
2003-02-01,IT000016239,"ROMA CIAMPINO, IT",41.7831,12.5831,105.0,7,1,16,0,0,12.5,5.2,16.4,0.2,0.64,0.6
2003-03-01,IT000016239,"ROMA CIAMPINO, IT",41.7831,12.5831,105.0,2,1,0,0,0,10.2,10.5,16.4,4.6,0.36,0.64
2003-04-01,IT000016239,"ROMA CIAMPINO, IT",41.7831,12.5831,105.0,5,4,1,0,0,73.6,14.6,28.2,8.7,-0.14,0.36
2003-05-01,IT000016239,"ROMA CIAMPINO, IT",41.7831,12.5831,105.0,4,1,0,0,0,8.7,20.7,26.6,14.8,-0.61,-0.14
2003-06-01,IT000016239,"ROMA CIAMPINO, IT",41.7831,12.5831,105.0,1,0,0,0,16,0.8,26.2,32.3,20.0,-0.29,-0.61
2003-07-01,IT000016239,"ROMA CIAMPINO, IT",41.7831,12.5831,105.0,0,0,0,0,14,0.2,26.6,32.1,21.0,0.21,-0.29
2003-08-01,IT000016239,"ROMA CIAMPINO, IT",41.7831,12.5831,105.0,3,1,0,0,19,20.0,27.9,37.4,21.6,0.26,0.21
2003-09-01,IT000016239,"ROMA CIAMPINO, IT",41.7831,12.5831,105.0,7,6,0,0,0,67.9,21.2,26.7,15.8,0.27,0.26
2003-10-01,IT000016239,"ROMA CIAMPINO, IT",41.7831,12.5831,105.0,14,9,0,0,0,123.6,16.6,27.0,12.2,0.42,0.27
2003-11-01,IT000016239,"ROMA CIAMPINO, IT",41.7831,12.5831,105.0,12,7,0,0,0,127.3,14.1,18.1,10.1,0.33,0.42
2003-12-01,IT000016239,"ROMA CIAMPINO, IT",41.7831,12.5831,105.0,10,6,4,0,0,62.6,8.6,12.6,4.7,0.43,0.33
2004-01-01,IT000016239,"ROMA CIAMPINO, IT",41.7831,12.5831,105.0,11,6,14,0,0,72.4,5.5,14.0,1.8,0.27,0.43
2004-02-01,IT000016239,"ROMA CIAMPINO, IT",41.7831,12.5831,105.0,12,10,3,0,0,119.5,7.9,21.0,4.1,0.23,0.27
2004-03-01,IT000016239,"ROMA CIAMPINO, IT",41.7831,12.5831,105.0,9,7,1,0,0,96.2,9.2,18.4,5.4,0.12,0.23
2004-04-01,IT000016239,"ROMA CIAMPINO, IT",41.7831,12.5831,105.0,17,13,0,0,0,140.5,13.0,19.6,9.8,0.07,0.12
2004-05-01,IT000016239,"ROMA CIAMPINO, IT",41.7831,12.5831,105.0,12,7,0,0,0,89.4,16.3,24.6,11.7,0.06,0.07
2004-06-01,IT000016239,"ROMA CIAMPINO, IT",41.7831,12.5831,105.0,7,3,0,0,1,21.0,22.2,33.2,16.9,0.13,0.06
2004-07-01,IT000016239,"ROMA CIAMPINO, IT",41.7831,12.5831,105.0,3,1,0,0,6,53.9,25.0,34.4,18.9,0.49,0.13
2004-08-01,IT000016239,"ROMA CIAMPINO, IT",41.7831,12.5831,105.0,2,1,0,0,1,17.8,24.7,32.2,19.6,0.76,0.49
2004-09-01,IT000016239,"ROMA CIAMPINO, IT",41.7831,12.5831,105.0,5,4,1,0,0,62.1,21.5,32.0,16.2,0.81,0.76
2004-10-01,IT000016239,"ROMA CIAMPINO, IT",41.7831,12.5831,105.0,11,9,0,0,0,108.6,18.7,25.4,14.9,0.73,0.81
2004-11-01,IT000016239,"ROMA CIAMPINO, IT",41.7831,12.5831,105.0,10,8,2,0,0,115.8,12.2,25.4,8.2,0.66,0.73
2004-12-01,IT000016239,"ROMA CIAMPINO, IT",41.7831,12.5831,105.0,17,13,1,0,0,226.6,10.2,19.4,7.3,0.74,0.66
2005-01-01,IT000016239,"ROMA CIAMPINO, IT",41.7831,12.5831,105.0,7,7,4,0,0,57.5,5.0,13.0,1.5,0.66,0.74
2005-02-01,IT000016239,"ROMA CIAMPINO, IT",41.7831,12.5831,105.0,9,9,9,0,0,69.3,5.4,15.4,1.9,0.36,0.66
2005-03-01,IT000016239,"ROMA CIAMPINO, IT",41.7831,12.5831,105.0,9,3,4,0,0,27.0,9.6,14.1,5.2,0.45,0.36
2005-04-01,IT000016239,"ROMA CIAMPINO, IT",41.7831,12.5831,105.0,11,5,0,0,0,65.8,12.6,23.2,8.1,0.26,0.45
2005-05-01,IT000016239,"ROMA CIAMPINO, IT",41.7831,12.5831,105.0,6,4,0,0,0,28.8,19.0,30.0,13.9,0.3,0.26
2005-06-01,IT000016239,"ROMA CIAMPINO, IT",41.7831,12.5831,105.0,4,4,0,0,5,36.7,23.2,34.6,17.6,0.04,0.3
2005-07-01,IT000016239,"ROMA CIAMPINO, IT",41.7831,12.5831,105.0,1,0,0,0,10,1.8,25.5,38.0,19.8,-0.23,0.04
2005-08-01,IT000016239,"ROMA CIAMPINO, IT",41.7831,12.5831,105.0,6,5,0,0,0,58.7,23.4,32.0,18.6,-0.05,-0.23
2005-09-01,IT000016239,"ROMA CIAMPINO, IT",41.7831,12.5831,105.0,12,9,0,0,0,150.5,21.3,25.7,17.0,-0.04,-0.05
2005-10-01,IT000016239,"ROMA CIAMPINO, IT",41.7831,12.5831,105.0,11,8,0,0,0,114.3,16.4,20.6,12.2,-0.06,-0.04
2005-11-01,IT000016239,"ROMA CIAMPINO, IT",41.7831,12.5831,105.0,12,7,0,0,0,177.6,11.8,20.0,8.5,-0.59,-0.06
2005-12-01,IT000016239,"ROMA CIAMPINO, IT",41.7831,12.5831,105.0,19,10,4,0,0,176.6,7.2,15.4,3.9,-0.92,-0.59
2006-01-01,IT000016239,"ROMA CIAMPINO, IT",41.7831,12.5831,105.0,7,4,9,0,0,32.7,5.6,13.2,2.2,-0.91,-0.92
2006-02-01,IT000016239,"ROMA CIAMPINO, IT",41.7831,12.5831,105.0,9,8,5,0,0,61.7,7.7,16.2,4.1,-0.67,-0.91
2006-03-01,IT000016239,"ROMA CIAMPINO, IT",41.7831,12.5831,105.0,10,8,0,0,0,61.3,9.7,18.8,5.8,-0.71,-0.67
2006-04-01,IT000016239,"ROMA CIAMPINO, IT",41.7831,12.5831,105.0,8,5,0,0,0,49.2,14.4,22.6,9.7,-0.32,-0.71
2006-05-01,IT000016239,"ROMA CIAMPINO, IT",41.7831,12.5831,105.0,4,2,0,0,0,15.5,18.5,29.4,13.1,-0.09,-0.32
2006-06-01,IT000016239,"ROMA CIAMPINO, IT",41.7831,12.5831,105.0,2,1,0,0,9,5.5,21.9,27.7,16.1,0.0,-0.09
2006-07-01,IT000016239,"ROMA CIAMPINO, IT",41.7831,12.5831,105.0,5,1,0,0,20,28.8,27.0,33.1,20.8,0.01,0.0
2006-08-01,IT000016239,"ROMA CIAMPINO, IT",41.7831,12.5831,105.0,7,4,0,0,4,19.3,24.2,37.4,19.0,0.31,0.01
2006-09-01,IT000016239,"ROMA CIAMPINO, IT",41.7831,12.5831,105.0,7,6,0,0,3,121.5,22.2,27.8,16.6,0.6,0.31
2006-10-01,IT000016239,"ROMA CIAMPINO, IT",41.7831,12.5831,105.0,4,2,0,0,0,36.2,18.2,23.7,12.7,0.7,0.6
2006-11-01,IT000016239,"ROMA CIAMPINO, IT",41.7831,12.5831,105.0,4,3,1,0,0,37.2,12.1,17.5,6.7,0.99,0.7
2006-12-01,IT000016239,"ROMA CIAMPINO, IT",41.7831,12.5831,105.0,7,5,0,0,0,51.0,9.4,19.2,5.8,1.14,0.99
2007-01-01,IT000016239,"ROMA CIAMPINO, IT",41.7831,12.5831,105.0,10,5,2,0,0,47.3,9.5,17.0,5.0,0.7,1.14
2007-02-01,IT000016239,"ROMA CIAMPINO, IT",41.7831,12.5831,105.0,15,9,0,0,0,114.9,9.6,17.2,5.5,0.13,0.7
2007-03-01,IT000016239,"ROMA CIAMPINO, IT",41.7831,12.5831,105.0,9,7,0,0,0,72.7,10.9,15.7,6.2,-0.18,0.13
2007-04-01,IT000016239,"ROMA CIAMPINO, IT",41.7831,12.5831,105.0,7,2,0,0,0,18.8,15.4,21.0,9.8,-0.32,-0.18
2007-05-01,IT000016239,"ROMA CIAMPINO, IT",41.7831,12.5831,105.0,6,5,0,0,0,34.7,18.4,31.6,12.9,-0.47,-0.32
2007-06-01,IT000016239,"ROMA CIAMPINO, IT",41.7831,12.5831,105.0,2,2,0,0,4,22.2,22.6,28.3,16.9,-0.35,-0.47
2007-07-01,IT000016239,"ROMA CIAMPINO, IT",41.7831,12.5831,105.0,0,0,0,0,15,0.1,25.3,32.3,18.3,-0.59,-0.35
2007-08-01,IT000016239,"ROMA CIAMPINO, IT",41.7831,12.5831,105.0,3,0,0,0,11,2.1,25.1,31.0,19.1,-0.72,-0.59
2007-09-01,IT000016239,"ROMA CIAMPINO, IT",41.7831,12.5831,105.0,6,3,0,0,0,40.8,20.6,26.3,15.0,-1.11,-0.72
2007-10-01,IT000016239,"ROMA CIAMPINO, IT",41.7831,12.5831,105.0,8,5,0,0,0,39.4,16.0,29.4,11.4,-1.39,-1.11
2007-11-01,IT000016239,"ROMA CIAMPINO, IT",41.7831,12.5831,105.0,12,8,0,0,0,45.4,10.4,20.0,6.0,-1.54,-1.39
2007-12-01,IT000016239,"ROMA CIAMPINO, IT",41.7831,12.5831,105.0,9,4,6,0,0,24.2,6.7,15.2,2.5,-1.58,-1.54
2008-01-01,IT000016239,"ROMA CIAMPINO, IT",41.7831,12.5831,105.0,10,7,5,0,0,101.9,8.5,17.0,4.2,-1.68,-1.58
2008-02-01,IT000016239,"ROMA CIAMPINO, IT",41.7831,12.5831,105.0,7,3,5,0,0,41.3,8.1,18.2,3.1,-1.67,-1.68
2008-03-01,IT000016239,"ROMA CIAMPINO, IT",41.7831,12.5831,105.0,16,14,0,0,0,129.8,10.6,15.5,5.8,-1.21,-1.67
2008-04-01,IT000016239,"ROMA CIAMPINO, IT",41.7831,12.5831,105.0,8,5,0,0,0,36.0,13.7,18.6,8.8,-0.99,-1.21
2008-05-01,IT000016239,"ROMA CIAMPINO, IT",41.7831,12.5831,105.0,10,6,0,0,1,146.6,18.5,24.3,12.7,-0.84,-0.99
2008-06-01,IT000016239,"ROMA CIAMPINO, IT",41.7831,12.5831,105.0,5,2,0,0,7,16.3,22.4,27.6,17.2,-0.68,-0.84
2008-07-01,IT000016239,"ROMA CIAMPINO, IT",41.7831,12.5831,105.0,2,0,0,0,11,1.7,25.4,31.6,19.1,-0.3,-0.68
2008-08-01,IT000016239,"ROMA CIAMPINO, IT",41.7831,12.5831,105.0,0,0,0,0,17,0.1,25.8,32.4,19.1,-0.13,-0.3
2008-09-01,IT000016239,"ROMA CIAMPINO, IT",41.7831,12.5831,105.0,5,4,0,0,7,38.2,21.1,27.4,14.7,-0.25,-0.13
2008-10-01,IT000016239,"ROMA CIAMPINO, IT",41.7831,12.5831,105.0,9,7,0,0,0,64.0,17.4,25.6,12.5,-0.35,-0.25
2008-11-01,IT000016239,"ROMA CIAMPINO, IT",41.7831,12.5831,105.0,12,7,0,0,0,151.0,13.0,17.5,8.4,-0.46,-0.35
2008-12-01,IT000016239,"ROMA CIAMPINO, IT",41.7831,12.5831,105.0,16,12,0,0,0,266.8,8.3,15.4,4.8,-0.86,-0.46
2009-01-01,IT000016239,"ROMA CIAMPINO, IT",41.7831,12.5831,105.0,15,12,1,0,0,113.0,7.9,15.2,4.2,-0.89,-0.86
2009-02-01,IT000016239,"ROMA CIAMPINO, IT",41.7831,12.5831,105.0,10,8,9,0,0,65.4,7.5,16.4,3.1,-0.79,-0.89
2009-03-01,IT000016239,"ROMA CIAMPINO, IT",41.7831,12.5831,105.0,8,2,0,0,0,34.3,11.1,22.4,6.4,-0.69,-0.79
2009-04-01,IT000016239,"ROMA CIAMPINO, IT",41.7831,12.5831,105.0,0,0,0,0,0,0.0,15.0,20.3,9.6,-0.35,-0.69
2009-05-01,IT000016239,"ROMA CIAMPINO, IT",41.7831,12.5831,105.0,0,0,0,0,2,0.0,20.1,26.4,13.8,0.06,-0.35
2009-06-01,IT000016239,"ROMA CIAMPINO, IT",41.7831,12.5831,105.0,0,0,0,0,4,0.0,22.5,28.1,16.8,0.31,0.06
2009-07-01,IT000016239,"ROMA CIAMPINO, IT",41.7831,12.5831,105.0,0,0,0,0,14,0.0,25.9,32.0,19.9,0.48,0.31
2009-08-01,IT000016239,"ROMA CIAMPINO, IT",41.7831,12.5831,105.0,0,0,0,0,20,0.0,27.2,33.4,21.1,0.56,0.48
2009-09-01,IT000016239,"ROMA CIAMPINO, IT",41.7831,12.5831,105.0,0,0,0,0,1,0.0,22.5,32.4,17.8,0.68,0.56
2009-10-01,IT000016239,"ROMA CIAMPINO, IT",41.7831,12.5831,105.0,0,0,0,0,0,0.0,15.1,26.6,10.1,0.89,0.68
2009-11-01,IT000016239,"ROMA CIAMPINO, IT",41.7831,12.5831,105.0,0,0,0,0,0,0.0,11.8,16.5,7.1,1.46,0.89
2009-12-01,IT000016239,"ROMA CIAMPINO, IT",41.7831,12.5831,105.0,0,0,2,0,0,0.0,8.6,18.2,5.1,1.74,1.46
2010-01-01,IT000016239,"ROMA CIAMPINO, IT",41.7831,12.5831,105.0,0,0,3,0,0,0.0,6.3,14.4,-1.4,1.52,1.74
2010-02-01,IT000016239,"ROMA CIAMPINO, IT",41.7831,12.5831,105.0,0,0,3,0,0,0.0,8.0,17.0,-3.2,1.25,1.52
2010-03-01,IT000016239,"ROMA CIAMPINO, IT",41.7831,12.5831,105.0,0,0,1,0,0,0.0,9.8,19.0,-0.4,0.9,1.25
2010-04-01,IT000016239,"ROMA CIAMPINO, IT",41.7831,12.5831,105.0,0,0,0,0,0,0.0,13.7,24.4,4.0,0.38,0.9
2010-05-01,IT000016239,"ROMA CIAMPINO, IT",41.7831,12.5831,105.0,1,1,0,0,0,200.7,16.9,22.1,8.0,-0.22,0.38
2010-06-01,IT000016239,"ROMA CIAMPINO, IT",41.7831,12.5831,105.0,0,0,0,0,1,0.0,21.6,27.6,12.8,-0.69,-0.22
2010-07-01,IT000016239,"ROMA CIAMPINO, IT",41.7831,12.5831,105.0,0,0,0,0,17,0.0,26.7,32.7,15.4,-1.07,-0.69
2010-08-01,IT000016239,"ROMA CIAMPINO, IT",41.7831,12.5831,105.0,0,0,0,0,10,0.0,24.9,31.1,13.8,-1.39,-1.07
2010-09-01,IT000016239,"ROMA CIAMPINO, IT",41.7831,12.5831,105.0,0,0,0,0,0,0.0,20.4,29.0,9.8,-1.6,-1.39
2010-10-01,IT000016239,"ROMA CIAMPINO, IT",41.7831,12.5831,105.0,0,0,0,0,0,0.0,16.4,21.9,5.8,-1.69,-1.6
2010-11-01,IT000016239,"ROMA CIAMPINO, IT",41.7831,12.5831,105.0,0,0,0,0,0,0.0,12.9,22.4,4.0,-1.64,-1.69
2010-12-01,IT000016239,"ROMA CIAMPINO, IT",41.7831,12.5831,105.0,11,6,5,0,0,105.4,8.3,20.2,-3.2,-1.6,-1.64
2011-01-01,IT000016239,"ROMA CIAMPINO, IT",41.7831,12.5831,105.0,12,4,1,0,0,47.5,7.7,12.2,-3.0,-1.54,-1.6
2011-02-01,IT000016239,"ROMA CIAMPINO, IT",41.7831,12.5831,105.0,4,4,1,0,0,34.0,7.8,14.4,-0.2,-1.11,-1.54
2011-03-01,IT000016239,"ROMA CIAMPINO, IT",41.7831,12.5831,105.0,14,10,2,0,0,151.4,10.3,15.3,-0.4,-0.93,-1.11
2011-04-01,IT000016239,"ROMA CIAMPINO, IT",41.7831,12.5831,105.0,8,5,0,0,0,37.4,14.5,20.2,4.8,-0.77,-0.93
2011-05-01,IT000016239,"ROMA CIAMPINO, IT",41.7831,12.5831,105.0,8,4,0,0,0,38.5,18.3,24.5,9.0,-0.52,-0.77
2011-06-01,IT000016239,"ROMA CIAMPINO, IT",41.7831,12.5831,105.0,4,1,0,0,1,8.4,22.5,28.4,14.0,-0.38,-0.52
2011-07-01,IT000016239,"ROMA CIAMPINO, IT",41.7831,12.5831,105.0,5,4,0,0,7,44.4,24.1,29.6,16.0,-0.43,-0.38
2011-08-01,IT000016239,"ROMA CIAMPINO, IT",41.7831,12.5831,105.0,0,0,0,0,14,0.0,26.1,33.0,16.0,-0.65,-0.43
2011-09-01,IT000016239,"ROMA CIAMPINO, IT",41.7831,12.5831,105.0,4,2,0,0,9,31.5,23.0,30.3,14.2,-0.8,-0.65
2011-10-01,IT000016239,"ROMA CIAMPINO, IT",41.7831,12.5831,105.0,4,2,0,0,0,75.0,16.5,28.4,7.4,-1.05,-0.8
2011-11-01,IT000016239,"ROMA CIAMPINO, IT",41.7831,12.5831,105.0,6,3,0,0,0,54.1,11.7,17.6,2.8,-1.19,-1.05
2011-12-01,IT000016239,"ROMA CIAMPINO, IT",41.7831,12.5831,105.0,15,6,0,0,0,98.5,9.5,19.0,0.8,-1.06,-1.19
2012-01-01,IT000016239,"ROMA CIAMPINO, IT",41.7831,12.5831,105.0,3,2,6,0,0,32.8,7.2,15.4,-2.2,-0.87,-1.06
2012-02-01,IT000016239,"ROMA CIAMPINO, IT",41.7831,12.5831,105.0,13,7,6,0,0,124.5,5.2,19.6,-4.0,-0.67,-0.87
2012-03-01,IT000016239,"ROMA CIAMPINO, IT",41.7831,12.5831,105.0,2,1,0,0,0,5.6,12.6,19.5,2.8,-0.61,-0.67
2012-04-01,IT000016239,"ROMA CIAMPINO, IT",41.7831,12.5831,105.0,13,8,1,0,0,81.6,14.0,19.1,0.0,-0.5,-0.61
2012-05-01,IT000016239,"ROMA CIAMPINO, IT",41.7831,12.5831,105.0,8,4,0,0,0,61.9,17.3,28.8,8.2,-0.32,-0.5
2012-06-01,IT000016239,"ROMA CIAMPINO, IT",41.7831,12.5831,105.0,1,0,0,0,11,1.0,24.1,29.9,12.6,0.02,-0.32
2012-07-01,IT000016239,"ROMA CIAMPINO, IT",41.7831,12.5831,105.0,2,1,0,0,19,7.1,26.4,32.9,18.8,0.25,0.02
2012-08-01,IT000016239,"ROMA CIAMPINO, IT",41.7831,12.5831,105.0,2,0,0,0,25,2.0,27.3,34.4,19.4,0.47,0.25
2012-09-01,IT000016239,"ROMA CIAMPINO, IT",41.7831,12.5831,105.0,10,9,0,0,1,100.4,21.5,26.7,13.6,0.38,0.47
2012-10-01,IT000016239,"ROMA CIAMPINO, IT",41.7831,12.5831,105.0,9,8,0,0,0,81.6,17.8,23.8,3.6,0.26,0.38
2012-11-01,IT000016239,"ROMA CIAMPINO, IT",41.7831,12.5831,105.0,12,7,0,0,0,107.1,14.0,23.6,6.0,0.16,0.26
2012-12-01,IT000016239,"ROMA CIAMPINO, IT",41.7831,12.5831,105.0,14,10,3,0,0,89.9,7.6,17.4,-2.0,-0.25,0.16
2013-01-01,IT000016239,"ROMA CIAMPINO, IT",41.7831,12.5831,105.0,18,9,0,0,0,109.9,7.8,12.4,1.6,-0.53,-0.25
2013-02-01,IT000016239,"ROMA CIAMPINO, IT",41.7831,12.5831,105.0,12,9,3,0,0,133.6,6.4,11.4,-2.0,-0.52,-0.53
2013-03-01,IT000016239,"ROMA CIAMPINO, IT",41.7831,12.5831,105.0,17,12,1,0,0,117.4,10.4,14.8,-1.2,-0.25,-0.52
2013-04-01,IT000016239,"ROMA CIAMPINO, IT",41.7831,12.5831,105.0,8,4,1,0,0,41.6,15.1,20.9,0.0,-0.25,-0.25
2013-05-01,IT000016239,"ROMA CIAMPINO, IT",41.7831,12.5831,105.0,15,7,0,0,0,154.8,17.0,21.4,10.0,-0.4,-0.25
2013-06-01,IT000016239,"ROMA CIAMPINO, IT",41.7831,12.5831,105.0,7,1,0,0,4,16.3,21.3,27.1,12.4,-0.42,-0.4
2013-07-01,IT000016239,"ROMA CIAMPINO, IT",41.7831,12.5831,105.0,8,3,0,0,13,36.4,25.2,31.9,14.2,-0.39,-0.42
2013-08-01,IT000016239,"ROMA CIAMPINO, IT",41.7831,12.5831,105.0,5,3,0,0,13,75.7,25.7,37.0,17.6,-0.38,-0.39
2013-09-01,IT000016239,"ROMA CIAMPINO, IT",41.7831,12.5831,105.0,6,4,0,0,1,32.5,21.1,26.9,13.0,-0.18,-0.38
2013-10-01,IT000016239,"ROMA CIAMPINO, IT",41.7831,12.5831,105.0,10,5,0,0,0,41.6,18.8,24.4,11.0,-0.2,-0.18
2013-11-01,IT000016239,"ROMA CIAMPINO, IT",41.7831,12.5831,105.0,17,10,1,0,0,189.9,12.2,16.9,-1.4,-0.14,-0.2
2013-12-01,IT000016239,"ROMA CIAMPINO, IT",41.7831,12.5831,105.0,8,3,1,0,0,38.7,8.3,16.8,0.0,-0.17,-0.14
2014-01-01,IT000016239,"ROMA CIAMPINO, IT",41.7831,12.5831,105.0,18,12,3,0,0,135.0,9.2,17.0,-1.0,-0.49,-0.17
2014-02-01,IT000016239,"ROMA CIAMPINO, IT",41.7831,12.5831,105.0,17,12,0,0,0,140.7,11.0,15.4,2.8,-0.62,-0.49
2014-03-01,IT000016239,"ROMA CIAMPINO, IT",41.7831,12.5831,105.0,10,5,0,0,0,55.2,10.6,16.3,1.0,-0.28,-0.62
2014-04-01,IT000016239,"ROMA CIAMPINO, IT",41.7831,12.5831,105.0,10,6,0,0,0,61.9,14.0,23.2,4.8,0.08,-0.28
2014-05-01,IT000016239,"ROMA CIAMPINO, IT",41.7831,12.5831,105.0,10,3,0,0,0,67.2,16.7,21.9,7.8,0.32,0.08
2014-06-01,IT000016239,"ROMA CIAMPINO, IT",41.7831,12.5831,105.0,12,8,0,0,4,215.7,21.9,27.9,11.0,0.23,0.32
2014-07-01,IT000016239,"ROMA CIAMPINO, IT",41.7831,12.5831,105.0,9,5,0,0,0,52.2,22.7,32.0,15.0,-0.06,0.23
2014-08-01,IT000016239,"ROMA CIAMPINO, IT",41.7831,12.5831,105.0,1,0,0,0,2,2.0,24.7,33.2,17.8,-0.03,-0.06
2014-09-01,IT000016239,"ROMA CIAMPINO, IT",41.7831,12.5831,105.0,7,3,0,0,0,44.1,21.5,26.8,13.8,0.29,-0.03
2014-10-01,IT000016239,"ROMA CIAMPINO, IT",41.7831,12.5831,105.0,3,3,0,0,0,76.8,18.1,23.6,7.8,0.44,0.29
2014-11-01,IT000016239,"ROMA CIAMPINO, IT",41.7831,12.5831,105.0,12,8,0,0,0,222.4,14.8,19.7,6.6,0.75,0.44
2014-12-01,IT000016239,"ROMA CIAMPINO, IT",41.7831,12.5831,105.0,13,8,1,0,0,117.8,9.4,20.0,-1.4,0.71,0.75
2015-01-01,IT000016239,"ROMA CIAMPINO, IT",41.7831,12.5831,105.0,11,6,3,0,0,65.3,8.3,15.8,-1.2,0.51,0.71
2015-02-01,IT000016239,"ROMA CIAMPINO, IT",41.7831,12.5831,105.0,14,6,3,0,0,61.8,8.4,17.4,0.0,0.42,0.51
2015-03-01,IT000016239,"ROMA CIAMPINO, IT",41.7831,12.5831,105.0,10,5,0,0,0,108.9,10.8,15.7,1.6,0.47,0.42
2015-04-01,IT000016239,"ROMA CIAMPINO, IT",41.7831,12.5831,105.0,6,4,0,0,0,70.3,13.7,22.6,1.6,0.7,0.47
2015-05-01,IT000016239,"ROMA CIAMPINO, IT",41.7831,12.5831,105.0,5,1,0,0,0,10.2,18.7,31.0,8.2,0.92,0.7
2015-06-01,IT000016239,"ROMA CIAMPINO, IT",41.7831,12.5831,105.0,9,3,0,0,1,25.1,23.0,32.6,13.4,1.18,0.92
2015-07-01,IT000016239,"ROMA CIAMPINO, IT",41.7831,12.5831,105.0,0,0,0,0,0,0.0,27.6,34.2,21.0,1.46,1.18
2015-08-01,IT000016239,"ROMA CIAMPINO, IT",41.7831,12.5831,105.0,0,0,0,0,0,0.0,25.9,32.6,19.2,1.93,1.46
2015-09-01,IT000016239,"ROMA CIAMPINO, IT",41.7831,12.5831,105.0,0,0,0,0,0,0.0,21.9,28.2,15.6,2.21,1.93
2015-10-01,IT000016239,"ROMA CIAMPINO, IT",41.7831,12.5831,105.0,0,0,0,0,0,0.0,17.0,23.0,11.0,2.36,2.21
2015-11-01,IT000016239,"ROMA CIAMPINO, IT",41.7831,12.5831,105.0,0,0,0,0,0,0.0,12.6,17.9,7.3,2.72,2.36
2015-12-01,IT000016239,"ROMA CIAMPINO, IT",41.7831,12.5831,105.0,0,0,0,0,0,0.0,8.9,14.2,3.6,2.66,2.72
2016-01-01,IT000016239,"ROMA CIAMPINO, IT",41.7831,12.5831,105.0,0,0,0,0,0,0.0,9.3,14.6,4.0,2.57,2.66
2016-02-01,IT000016239,"ROMA CIAMPINO, IT",41.7831,12.5831,105.0,0,0,0,0,0,0.0,11.6,17.4,5.8,2.26,2.57
2016-03-01,IT000016239,"ROMA CIAMPINO, IT",41.7831,12.5831,105.0,0,0,0,0,0,0.0,11.2,17.1,5.3,1.62,2.26
2016-04-01,IT000016239,"ROMA CIAMPINO, IT",41.7831,12.5831,105.0,0,0,0,0,0,0.0,16.0,22.2,9.8,0.91,1.62
2016-05-01,IT000016239,"ROMA CIAMPINO, IT",41.7831,12.5831,105.0,0,0,0,0,0,0.0,17.5,23.9,11.1,0.3,0.91
2016-06-01,IT000016239,"ROMA CIAMPINO, IT",41.7831,12.5831,105.0,0,0,0,0,0,0.0,21.8,28.4,15.2,-0.03,0.3
2016-07-01,IT000016239,"ROMA CIAMPINO, IT",41.7831,12.5831,105.0,0,0,0,0,0,0.0,25.6,32.2,19.0,-0.48,-0.03
2016-08-01,IT000016239,"ROMA CIAMPINO, IT",41.7831,12.5831,105.0,0,0,0,0,0,0.0,24.8,31.5,18.1,-0.58,-0.48
2016-09-01,IT000016239,"ROMA CIAMPINO, IT",41.7831,12.5831,105.0,0,0,0,0,0,0.0,21.2,27.5,14.9,-0.58,-0.58
2016-10-01,IT000016239,"ROMA CIAMPINO, IT",41.7831,12.5831,105.0,0,0,0,0,0,0.0,17.1,23.1,11.1,-0.74,-0.58
2016-11-01,IT000016239,"ROMA CIAMPINO, IT",41.7831,12.5831,105.0,0,0,0,0,0,0.0,13.1,18.4,7.8,-0.76,-0.74
2016-12-01,IT000016239,"ROMA CIAMPINO, IT",41.7831,12.5831,105.0,0,0,0,0,0,0.0,8.4,13.7,3.1,-0.5,-0.76
2017-01-01,IT000016239,"ROMA CIAMPINO, IT",41.7831,12.5831,105.0,0,0,0,0,0,0.0,6.1,14.8,-2.6,-0.43,-0.5
2017-02-01,IT000016239,"ROMA CIAMPINO, IT",41.7831,12.5831,105.0,0,0,0,0,0,0.0,10.8,15.4,2.7,-0.08,-0.43
2017-03-01,IT000016239,"ROMA CIAMPINO, IT",41.7831,12.5831,105.0,0,0,0,0,0,0.0,12.3,24.2,2.9,0.03,-0.08
2017-04-01,IT000016239,"ROMA CIAMPINO, IT",41.7831,12.5831,105.0,0,0,0,0,0,0.0,14.2,23.5,1.4,0.22,0.03
2017-05-01,IT000016239,"ROMA CIAMPINO, IT",41.7831,12.5831,105.0,0,0,0,0,0,0.0,19.1,25.2,8.6,0.37,0.22
2017-06-01,IT000016239,"ROMA CIAMPINO, IT",41.7831,12.5831,105.0,0,0,0,0,6,0.0,24.4,30.4,14.8,0.34,0.37
2017-07-01,IT000016239,"ROMA CIAMPINO, IT",41.7831,12.5831,105.0,0,0,0,0,7,0.0,26.1,37.1,17.0,0.25,0.34
2017-08-01,IT000016239,"ROMA CIAMPINO, IT",41.7831,12.5831,105.0,0,0,0,0,18,0.0,27.3,38.6,21.2,-0.16,0.25
2017-09-01,IT000016239,"ROMA CIAMPINO, IT",41.7831,12.5831,105.0,0,0,0,0,0,0.0,19.6,27.9,10.0,-0.43,-0.16
2017-10-01,IT000016239,"ROMA CIAMPINO, IT",41.7831,12.5831,105.0,0,0,0,0,0,0.0,16.6,26.6,7.5,-0.56,-0.43
2017-11-01,IT000016239,"ROMA CIAMPINO, IT",41.7831,12.5831,105.0,0,0,1,0,0,0.0,11.5,19.5,-0.1,-0.97,-0.56
2017-12-01,IT000016239,"ROMA CIAMPINO, IT",41.7831,12.5831,105.0,0,0,4,0,0,0.0,7.9,16.5,-2.7,-0.98,-0.97
2018-01-01,IT000016239,"ROMA CIAMPINO, IT",41.7831,12.5831,105.0,0,0,0,0,0,0.0,10.4,18.6,0.6,-0.98,-0.98
2018-02-01,IT000016239,"ROMA CIAMPINO, IT",41.7831,12.5831,105.0,0,0,4,0,0,0.0,7.0,16.1,-6.2,-0.78,-0.98
2018-03-01,IT000016239,"ROMA CIAMPINO, IT",41.7831,12.5831,105.0,0,0,0,0,0,0.0,10.8,19.6,0.6,-0.8,-0.78
2018-04-01,IT000016239,"ROMA CIAMPINO, IT",41.7831,12.5831,105.0,0,0,0,0,0,0.0,16.5,28.1,4.8,-0.51,-0.8
2018-05-01,IT000016239,"ROMA CIAMPINO, IT",41.7831,12.5831,105.0,0,0,0,0,0,0.0,18.8,30.4,11.5,-0.2,-0.51
2018-06-01,IT000016239,"ROMA CIAMPINO, IT",41.7831,12.5831,105.0,0,0,0,0,0,0.0,22.5,28.1,14.7,0.04,-0.2
2018-07-01,IT000016239,"ROMA CIAMPINO, IT",41.7831,12.5831,105.0,0,0,0,0,12,0.0,26.1,32.1,18.4,0.12,0.04
2018-08-01,IT000016239,"ROMA CIAMPINO, IT",41.7831,12.5831,105.0,0,0,0,0,9,0.0,24.7,30.8,14.7,0.09,0.12
2018-09-01,IT000016239,"ROMA CIAMPINO, IT",41.7831,12.5831,105.0,0,0,0,0,0,0.0,21.9,31.6,9.4,0.47,0.09
2018-10-01,IT000016239,"ROMA CIAMPINO, IT",41.7831,12.5831,105.0,0,0,0,0,0,0.0,18.5,25.5,8.8,0.9,0.47
2018-11-01,IT000016239,"ROMA CIAMPINO, IT",41.7831,12.5831,105.0,0,0,0,0,0,0.0,13.5,20.6,4.4,0.9,0.9
2018-12-01,IT000016239,"ROMA CIAMPINO, IT",41.7831,12.5831,105.0,0,0,2,0,0,0.0,9.3,16.8,-0.4,0.89,0.9
2019-01-01,IT000016239,"ROMA CIAMPINO, IT",41.7831,12.5831,105.0,0,0,6,0,0,0.0,6.5,14.2,-3.6,0.65,0.89
2019-02-01,IT000016239,"ROMA CIAMPINO, IT",41.7831,12.5831,105.0,0,0,0,0,0,0.0,9.3,21.5,1.3,0.71,0.65
2019-03-01,IT000016239,"ROMA CIAMPINO, IT",41.7831,12.5831,105.0,0,0,0,0,0,0.0,12.0,17.6,2.1,0.81,0.71
2019-04-01,IT000016239,"ROMA CIAMPINO, IT",41.7831,12.5831,105.0,0,0,0,0,0,0.0,13.6,27.1,4.3,0.62,0.81
2019-05-01,IT000016239,"ROMA CIAMPINO, IT",41.7831,12.5831,105.0,0,0,0,0,0,0.0,14.6,22.1,4.9,0.55,0.62
2019-06-01,IT000016239,"ROMA CIAMPINO, IT",41.7831,12.5831,105.0,0,0,0,0,9,0.0,24.5,31.4,10.7,0.45,0.55
2019-07-01,IT000016239,"ROMA CIAMPINO, IT",41.7831,12.5831,105.0,0,0,0,0,14,0.0,26.1,32.0,17.5,0.35,0.45
2019-08-01,IT000016239,"ROMA CIAMPINO, IT",41.7831,12.5831,105.0,0,0,0,0,14,0.0,26.3,32.8,18.6,0.04,0.35
2019-09-01,IT000016239,"ROMA CIAMPINO, IT",41.7831,12.5831,105.0,0,0,0,0,0,0.0,21.8,27.6,14.8,0.03,0.04
2019-10-01,IT000016239,"ROMA CIAMPINO, IT",41.7831,12.5831,105.0,0,0,0,0,0,0.0,18.0,23.7,10.8,0.48,0.03
2019-11-01,IT000016239,"ROMA CIAMPINO, IT",41.7831,12.5831,105.0,0,0,0,0,0,0.0,14.0,21.4,7.0,0.52,0.48
2019-12-01,IT000016239,"ROMA CIAMPINO, IT",41.7831,12.5831,105.0,0,0,1,0,0,0.0,10.4,16.6,-0.1,0.52,0.52
2020-01-01,IT000016239,"ROMA CIAMPINO, IT",41.7831,12.5831,105.0,0,0,2,0,0,0.0,8.0,15.3,-0.9,0.6,0.52
2020-02-01,IT000016239,"ROMA CIAMPINO, IT",41.7831,12.5831,105.0,4,0,2,0,0,7.1,10.7,18.7,-1.3,0.37,0.6
2020-03-01,IT000016239,"ROMA CIAMPINO, IT",41.7831,12.5831,105.0,9,7,1,0,0,53.7,11.6,19.4,-0.5,0.48,0.37
2020-04-01,IT000016239,"ROMA CIAMPINO, IT",41.7831,12.5831,105.0,7,4,0,0,0,33.7,14.7,20.0,1.3,0.36,0.48
2020-05-01,IT000016239,"ROMA CIAMPINO, IT",41.7831,12.5831,105.0,4,1,0,0,0,15.3,20.3,29.7,9.9,-0.27,0.36
2020-06-01,IT000016239,"ROMA CIAMPINO, IT",41.7831,12.5831,105.0,6,2,0,0,3,36.4,21.9,27.6,11.8,-0.34,-0.27
2020-07-01,IT000016239,"ROMA CIAMPINO, IT",41.7831,12.5831,105.0,1,1,0,0,13,20.1,26.0,32.4,16.5,-0.3,-0.34
2020-08-01,IT000016239,"ROMA CIAMPINO, IT",41.7831,12.5831,105.0,3,2,0,0,20,25.4,26.6,33.2,17.6,-0.59,-0.3
2020-09-01,IT000016239,"ROMA CIAMPINO, IT",41.7831,12.5831,105.0,11,6,0,0,7,96.9,22.3,34.5,8.6,-0.83,-0.59
2020-10-01,IT000016239,"ROMA CIAMPINO, IT",41.7831,12.5831,105.0,14,10,0,0,0,89.9,15.7,24.2,6.4,-1.26,-0.83
2020-11-01,IT000016239,"ROMA CIAMPINO, IT",41.7831,12.5831,105.0,6,0,0,0,0,4.9,13.1,21.2,3.7,-1.42,-1.26
2020-12-01,IT000016239,"ROMA CIAMPINO, IT",41.7831,12.5831,105.0,17,9,0,0,0,196.0,9.3,17.3,1.7,-1.15,-1.42
2021-01-01,IT000016239,"ROMA CIAMPINO, IT",41.7831,12.5831,105.0,17,12,4,0,0,186.0,7.6,15.7,-2.2,-1.0,-1.15
2021-02-01,IT000016239,"ROMA CIAMPINO, IT",41.7831,12.5831,105.0,2,2,2,0,0,16.2,10.3,21.4,-2.8,-1.0,-1.0
2021-03-01,IT000016239,"ROMA CIAMPINO, IT",41.7831,12.5831,105.0,6,3,0,0,0,80.8,10.3,22.3,0.3,-0.8,-1.0
2021-04-01,IT000016239,"ROMA CIAMPINO, IT",41.7831,12.5831,105.0,14,7,1,0,0,91.8,12.6,17.6,-0.2,-0.72,-0.8
2021-05-01,IT000016239,"ROMA CIAMPINO, IT",41.7831,12.5831,105.0,13,4,0,0,0,25.0,17.5,22.3,7.9,-0.46,-0.72
2021-06-01,IT000016239,"ROMA CIAMPINO, IT",41.7831,12.5831,105.0,7,6,0,0,6,37.1,23.6,29.4,14.2,-0.28,-0.46
2021-07-01,IT000016239,"ROMA CIAMPINO, IT",41.7831,12.5831,105.0,1,0,0,0,14,1.0,26.3,32.2,18.2,-0.39,-0.28
2021-08-01,IT000016239,"ROMA CIAMPINO, IT",41.7831,12.5831,105.0,4,0,0,0,14,3.1,26.4,32.5,15.2,-0.53,-0.39
2021-09-01,IT000016239,"ROMA CIAMPINO, IT",41.7831,12.5831,105.0,4,1,0,0,0,8.9,23.2,31.4,17.9,-0.55,-0.53
2021-10-01,IT000016239,"ROMA CIAMPINO, IT",41.7831,12.5831,105.0,7,4,0,0,0,19.2,16.5,27.8,6.4,-0.94,-0.55
2021-11-01,IT000016239,"ROMA CIAMPINO, IT",41.7831,12.5831,105.0,23,18,0,0,0,225.2,13.7,26.1,6.2,-0.94,-0.94
2021-12-01,IT000016239,"ROMA CIAMPINO, IT",41.7831,12.5831,105.0,16,8,0,0,0,84.8,9.2,17.0,0.7,-1.06,-0.94
2022-01-01,IT000016239,"ROMA CIAMPINO, IT",41.7831,12.5831,105.0,8,3,3,0,0,20.9,7.4,16.0,-1.4,-0.94,-1.06
2022-02-01,IT000016239,"ROMA CIAMPINO, IT",41.7831,12.5831,105.0,5,2,0,0,0,13.2,9.8,17.3,0.4,-0.89,-0.94
2022-03-01,IT000016239,"ROMA CIAMPINO, IT",41.7831,12.5831,105.0,3,1,4,0,0,7.4,9.6,21.4,-0.5,-0.97,-0.89
2022-04-01,IT000016239,"ROMA CIAMPINO, IT",41.7831,12.5831,105.0,8,2,0,0,0,33.1,13.4,24.1,3.5,-1.11,-0.97
2022-05-01,IT000016239,"ROMA CIAMPINO, IT",41.7831,12.5831,105.0,9,1,0,0,2,16.7,20.4,26.5,8.2,-1.11,-1.11
2022-06-01,IT000016239,"ROMA CIAMPINO, IT",41.7831,12.5831,105.0,2,1,0,0,14,5.0,25.9,39.3,16.9,-0.75,-1.11
2022-07-01,IT000016239,"ROMA CIAMPINO, IT",41.7831,12.5831,105.0,1,1,0,0,25,14.0,27.6,34.0,16.5,-0.69,-0.75
2022-08-01,IT000016239,"ROMA CIAMPINO, IT",41.7831,12.5831,105.0,7,3,0,0,15,22.9,26.6,32.7,18.6,-0.97,-0.69
2022-09-01,IT000016239,"ROMA CIAMPINO, IT",41.7831,12.5831,105.0,10,4,0,0,3,48.3,22.4,27.7,10.6,-1.07,-0.97
